Other Traits,Positive,Negative,Future,Past,Myself,People,Surroundings,Images,Words,Specific,Intrusive,TP1,TP2
AMAS_sum,0.6618199767025185,0.13156283644054653,0.02310357431334247,0.039570915063986585,0.6469409759107033,0.10408181936534637,0.9507091552145147,0.4782930296706822,0.9014180987442638,0.106358515922782,0.20393861487910286,0.37960063404932104,0.4433771897192816
BDI_summary_sum,0.01398789921401041,0.0037937737383692592,0.2309935290392823,0.7915331244768004,0.8746462091799403,0.30696232680439867,0.058535832922412386,0.08805357498685298,0.34477358406908903,0.01710770577115716,0.06558065039614408,0.0018815204657689527,0.003852261507535238
BISBAS_BIS_sum,0.031782080181495524,0.00042668844880723984,0.15615909999705835,0.9733624993148159,0.05623870675712629,0.17026821828480618,0.005005357252724706,0.14708813710690682,0.3414575734568277,0.7246955442476061,0.14635174992626765,0.025021989993389754,2.7642292452243592e-05
BISBAS_BAS_sum,0.0432881147681537,0.054249926878117916,0.3089845702363277,0.01639887529844384,0.039778593832855,0.39181725506532344,0.7715842632875832,0.0995217903820405,0.11550360584839647,0.902597350339015,0.8702949444374466,0.02502730559849402,0.1981127356613102
BPS_sum,0.1276371129832403,0.09967877321740949,0.8812363799062694,0.8483340915843516,0.4861479226487473,0.7140013353355524,0.1760594562633907,0.9809268123568566,0.8151097379633548,0.7069683590971317,0.012177396586505731,0.7629168694504026,0.11868525778170677
SCS_SelfCtrl_sum,0.2679010280041688,0.012245689699943685,0.14075219496719216,0.9317639295746529,0.4826121616222461,0.5263528251110665,0.7320770938069409,0.5903742622715209,0.32487842654320076,0.25318501003110494,0.01519606338060729,0.18645256443818903,0.08032770660663041
ESS_summary_sum,0.23607385332948688,0.9850048533434256,0.8292740248011099,0.9418734103185312,0.6525772072096833,0.6162962928666627,0.4916616017443839,0.9842791863983017,0.8826721064924032,0.22338983457575073,0.042467791860383464,0.9663056057614747,0.8797803946592134
GoldMSI_Active_sum,0.26757223493993565,0.40569603646229097,0.9024118020947431,0.22164993408169723,0.6647979729688627,0.013558147209907799,0.8427848247114332,0.006817269009334559,0.5863209264400641,0.5188423583561835,0.43015745945173167,0.034315806688098645,0.8686534206762541
GoldMSI_Training_sum,0.9250072746201109,0.40726119008641914,0.977406833438435,0.9226625610528364,0.7723810109332213,0.9976461632690994,0.47471892532254295,0.5083944378350985,0.43297860203219996,0.9268840356162621,0.9724875499035553,0.6753907335600543,0.2500490006972824
HADS-A_summary_sum,0.3645725396943536,0.0035892933976962105,0.9780020859253893,0.9809982324558282,0.7811868260239568,0.6806047256448299,0.11618708926034381,0.7652474400870469,0.6821939777530623,0.07935196772726551,0.109580116969539,0.19148397804831224,0.02384155327815106
HADS-D_summary_sum,0.001265955694856778,7.493830342299458e-05,0.14573028067118332,0.36473676191185234,0.4720767253799789,0.0065709803631903655,0.007314379205673314,0.052724822658794204,0.3797731769572607,0.08815498383499419,0.008124116307118031,9.332878907283615e-05,0.00014238321091334524
IAT_sum,0.30818892850763546,0.0010106280713419885,0.6734648789865785,0.5165733258141963,0.9075784655146509,0.2324204724389383,0.10216616133187198,0.70257182555491,0.29706257899282934,0.19769401392851416,0.7659696520258276,0.26335455073908987,0.1256022099246239
IMIS_NegVal_sum,0.8996085875742077,0.12336308711165705,0.49058761319659316,0.6650361002855881,0.051058776539040326,0.7401051593207361,0.7738547158531918,0.5478059012057871,0.2918538775639295,0.4409112394250986,0.3391855560965371,0.6550982201113784,0.3496931263095591
IMIS_Help_sum,0.9942837250643899,0.7289127567374093,0.757897130441847,0.1366423331697845,0.21752277591431884,0.4344812347967815,0.11636682444610255,0.4574859526398331,0.955504392196699,0.8431726758882337,0.9448778837768176,0.6277371521978072,0.30395332854284307
IMIS_Movement_sum,0.4553027882943195,0.4049564443757505,0.993104090504627,0.28036587096063303,0.5264615357661678,0.8674497769937809,0.40201941255905776,0.2585093563416702,0.229330800527978,0.3120636721788907,0.9976326961830756,0.32851320806870776,0.21577510109039083
IMIS_PersRef_sum,0.2737337465322853,0.013779689442365699,0.8521148219756278,0.6962132260787919,0.9541720004577491,0.8876248738381805,0.18359773327476628,0.27504920494958657,0.5805507644670859,0.29366319680257397,0.7586771432186715,0.1453123741040491,0.08714317070602969
MMI_score,0.4159977615953256,0.3290805210625245,0.08054880072949984,0.04557345945273346,0.3080790961441058,0.07394389193523021,0.003181533436491389,0.7519359337090075,0.4812739668382431,0.2822091028782871,0.7988359394063531,0.6290968441547639,0.05171616844438272
PSSI_PN,0.16580509736369275,0.46782037524740344,0.22806097412793627,0.6977288848714965,0.6425363130399497,0.27084458695433056,0.5809893906462688,0.4336659453453978,0.9967361532898625,0.2848454678065734,0.6859403482051964,0.35100649585769383,0.7738124183429852
PSSI_SZ,0.20293068925909702,0.25586950596969227,0.30091760335541057,0.7412378953600217,0.852769680074194,0.010057312166197263,0.5511144084017141,0.5593398514549949,0.11601123576688856,0.5706091016177945,0.0028274230607251414,0.163477115348875,0.178283729007853
PSSI_ST,0.4786229763619184,0.693024642811701,0.8999551621741433,0.5537406004202395,0.8800746915856659,0.5152364658481575,0.15270918119471114,0.3922144251146785,0.6886539435192547,0.20113491904296424,0.15118066870813127,0.48859139884127367,0.2338745371532371
PSSI_BL,0.023509105481999377,0.000114206538054115,0.571038764558909,0.767287481381883,0.2135380974140536,0.6625967008337843,0.2470906559046117,0.7040398197798565,0.31247163174683623,0.8432626300621922,0.001921557303776341,0.13432827777541143,0.0015075020307415486
PSSI_HI,0.16878260310347015,0.6981046984485108,0.4089041481188675,0.04487926136221369,0.8393435628697546,0.07901032291710376,0.3855812896032033,0.6050398008418636,0.7734751593479883,0.3768605672714572,0.2364766371260321,0.20239456705144535,0.7774923047561835
PSSI_NA,0.6882591571206204,0.003176247114694048,0.44390049186338987,0.009431239953575258,0.3356159431683224,0.14506787214041406,0.17285180900106029,0.6881670301533336,0.8841357495500161,0.8612265562382767,0.20275988717628654,0.5296309063793827,0.06216989310654191
PSSI_SU,0.025561820394894103,0.0005831706266734695,0.3488280812662399,0.5733622898392604,0.4247630118146593,0.42795724491206527,0.09299960575661899,0.44589614522475707,0.7228884156549715,0.3810816148330147,0.022361945298198446,0.04441774856153952,0.003770839818457602
PSSI_AB,0.07682411899454746,0.03629598976442319,0.5102947620959014,0.22311516122674646,0.8837979938874634,0.49813381831224457,0.0037791022703848676,0.2418487312675377,0.137384156542994,0.12909243211292803,0.3939652376768935,0.08643302716922001,0.053232836045249705
PSSI_ZW,0.6566385621725342,0.9563273614646397,0.8102858294427397,0.8390068146897113,0.9183156290401415,0.09504172146517408,0.9846451852171382,0.6931745254437836,0.29221170016945763,0.9768496402027934,0.4474550080061977,0.513127128922949,0.9603681127440186
PSSI_NT,0.3222025757053162,0.07527430350911445,0.1029145492374732,0.6462053326022531,0.7613736247370693,0.3983563236068178,0.3255985041135168,0.49235673139058805,0.839164586686009,0.8549822813939328,0.009209353786307911,0.4593028826187871,0.20256044989573482
PSSI_DP,0.0023909526226228244,2.0604928321734606e-05,0.6022207337726021,0.8167758017642806,0.13442473247502668,0.9226062198956239,0.012595816885590791,0.2195909239534484,0.3773244333344573,0.2457938293836727,0.11253360321578261,0.01481256532210057,0.00017194454493939815
PSSI_SL,0.21425778910749918,0.9862790454771063,0.16314867843785677,0.08770000793172383,0.574925092364583,0.5839106527952761,0.766017565228763,0.9371443855919953,0.26866763828747753,0.2793259265623423,0.760034349578411,0.8912323048992131,0.579622401723239
PSSI_RH,0.004620360120954216,0.015038728476293875,0.7875737936399619,0.07466540685675058,0.5056093522577265,0.37190357506608485,0.6494275422798225,0.326548022569666,0.2659564275595842,0.25472429751811143,0.0062504988563377405,0.018571997173219158,0.02470999285742573
PSSI_AS,0.07779229119206506,0.916147415388198,0.7213567729334095,0.4535752164397956,0.439084944156822,0.633234278553355,0.918319470705815,0.11609386369299224,0.33870945361027777,0.7127863660264612,0.5425916211134139,0.1544138498394254,0.29755557875561744
SE_Mean_SelfEst,0.039075358795053805,0.026638822497566984,0.03712796136121192,0.9487669053638628,0.32808299140800784,0.31956593932105276,0.020285938151838215,0.806124274357763,0.47493708945768215,0.11153590866052479,0.7112769965520198,0.02713576480534877,0.02857744620515466
SDS_sum,0.010052726140638036,0.001726943613924506,0.2772153018633642,0.3506917335162265,0.5311032275447334,0.8259212632485099,0.2756601214301209,0.7903074492959083,0.1318618925963024,0.3349181389100801,0.7649535595141037,0.1477208031358202,0.016673447241296623
TPS_D_sum,0.1981302835292121,0.06615688052614006,0.35218563467970926,0.8853379222720307,0.7367083702245923,0.6885185544959961,0.16577754849332976,0.20134035809171527,0.755410122671448,0.4443554666686739,0.032204407573387314,0.20209146404308342,0.052609002570173445
UPPS_Mean_NegUrg,0.5648570514610115,0.023477851310528503,0.20874955876683288,0.27657212843689577,0.9846606054768627,0.28696991389920523,0.2775858424229875,0.7664394142193399,0.4905156082749837,0.17412447209533718,0.4796889398100459,0.534566432033467,0.1290400871664822
UPPS_Mean_Premed,0.2992812690788919,0.45045567278598514,0.2530120596734806,0.9905570437302903,0.431309189142402,0.12092037479333663,0.797660364676729,0.17741278398757476,0.7360510132125119,0.5222028015759497,0.04100859253567151,0.33171518439144104,0.14120401206884595
UPPS_Mean_Persev,0.3656550628005595,0.24457114101697028,0.03569688557875094,0.6088255418955901,0.5613337660122204,0.7021631286552287,0.658799586377821,0.5642541882801656,0.7117018716835558,0.5426318396614287,0.45505909583745485,0.3531465007407829,0.47581545846997464
UPPS_Mean_SS,0.03965748124072397,0.024252730022813085,0.7044585603515962,0.08246608177883813,0.38633810098033955,0.2850819140910242,0.2554863210271799,0.041691848732194434,0.4344712474833909,0.9423463726042494,0.1610917128279963,0.00740854923132084,0.05611094797493297
UPPS_Mean_PosUrg,0.9476899352636766,0.2164588349668836,0.573702433162676,0.8295514033710352,0.978414195695482,0.48448874033617767,0.15159131331506012,0.6486239427947184,0.5549631031630774,0.020183316529646514,0.8946136071584357,0.565220468088312,0.5878548284606621
S-D-MW_delib_mean,0.6107680861178462,0.42640300814683973,0.5289124207076248,0.8851707267601218,0.6382784582285543,0.5146844506463296,0.8322465999986772,0.37474206307626406,0.8692366608720495,0.9350685938874663,0.0007754374995674784,0.6922293196563458,0.609698186452189
S-D-MW_spont_mean,0.6425080301417043,0.18543636652777087,0.5979703095802495,0.8170496702308657,0.5714227868958682,0.4341082426101068,0.8461257027682044,0.13254809852398775,0.7594333215194404,0.77249801074387,0.021008373587352656,0.6665264291904057,0.45805554353809624
VIS_dialog_sum,0.34018283377497155,0.056238982935171315,0.8606896425609317,0.8933802949616592,0.3183709539702054,0.23977237398022505,0.4881725652793168,0.8949744279458254,0.1823600866771837,0.27299936313340467,0.014656770032216626,0.1545013855389834,0.02864105577932442
VIS_condensed_sum,0.8798068105108733,0.705156259607353,0.728849975977601,0.3133281636585913,0.4246250303826812,0.09309898868329022,0.08235949478568955,0.10540723985832391,0.012678487631808172,0.4659759169359878,0.11080496829536725,0.31564948906010815,0.01333997433981286
VIS_other_sum,0.7574043098497201,0.4183778324208044,0.33971818190018904,0.5353785166322127,0.5840576706566981,0.486933763695396,0.9178884044808665,0.7396734426098186,0.3648153203890073,0.3303394151595394,0.37540379383463396,0.9842965522003315,0.8234656058763743
VIS_eval_sum,0.6920869549742957,0.02037625624652311,0.6590652632736598,0.10200163790484593,0.02884255793726245,0.5320237424887969,0.2627677595954672,0.4647373713101439,0.04013615081423102,0.5927121105694136,0.10095449428918855,0.9468652507542463,0.007077351620854969
ACS_sum,0.07481368577152375,0.012188364845097546,0.6035986047499579,0.12816953927714614,0.3318124356961445,0.3099434402413641,0.34888251232092815,0.9635496237931129,0.5823877954693016,0.6467248949103387,0.28861040896838697,0.4266432841154378,0.289001346867611
