TSNE1,TSNE2,TSNE3,Set Label
2.844,-5.001,-1.030,Set B
0.480,2.531,-1.479,Set B
-4.041,7.253,1.237,Ambiguous
-3.598,8.865,0.996,Ambiguous
4.040,-3.896,-1.435,Set B
3.607,-5.424,-12.782,Set B
-7.645,11.143,1.635,Ambiguous
-6.481,12.253,1.190,Set A
-6.113,12.611,1.080,Set A
8.328,6.145,-3.870,Set B
8.429,4.713,-4.766,Set B
8.631,4.255,-5.248,Set B
7.133,4.472,-2.057,Set B
1.977,9.407,4.101,Set A
-2.595,0.982,11.249,Set A
-6.702,5.511,9.828,Set A
-5.379,6.988,10.228,Set A
-5.768,6.345,-7.409,Set B
-2.821,5.718,-4.382,Set B
-10.209,9.479,3.567,Set A
-5.698,7.991,-8.987,Set B
8.583,6.043,0.785,Set B
-4.711,-1.426,7.583,Set A
-1.869,6.795,13.332,Set A
-2.271,4.938,12.906,Set A
-1.963,5.955,13.201,Set A
4.357,8.892,-0.915,Set A
-6.110,0.592,3.920,Set A
-5.072,3.910,9.187,Set A
-3.184,0.537,10.201,Set A
-6.057,1.443,-5.533,Set B
12.193,-0.253,4.453,Ambiguous
11.673,-0.609,4.901,Ambiguous
11.226,-0.716,4.253,Ambiguous
11.440,-1.738,4.242,Ambiguous
-8.504,2.802,2.394,Set A
-1.438,0.833,-6.005,Set B
5.097,-9.317,-0.564,Set B
14.268,-1.019,-4.301,Set B
4.906,-1.961,-2.613,Set B
3.182,1.427,1.900,Ambiguous
-6.098,-0.541,8.651,Set A
-5.175,7.258,3.491,Set A
-8.569,-6.596,-0.252,Set B
4.614,-4.238,-7.743,Set B
5.818,-1.451,-3.139,Set B
-7.663,6.951,3.338,Set A
5.424,-4.926,-3.629,Set B
3.330,-0.310,-0.416,Set B
-8.782,4.772,5.811,Ambiguous
3.937,-0.102,-0.014,Set B
-6.103,3.787,6.210,Set A
-6.587,3.119,7.360,Set A
-6.476,4.558,5.679,Set A
-6.985,4.341,5.999,Set A
-7.909,-7.719,-1.890,Set B
3.477,4.233,3.872,Set A
5.208,4.927,2.396,Ambiguous
-8.244,9.839,2.338,Set A
5.468,2.992,2.697,Set B
-1.927,-4.065,-11.870,Set B
0.246,-2.704,-13.296,Set B
0.696,-3.773,6.630,Set A
-4.305,2.747,11.444,Set A
-0.827,-4.595,-14.076,Set B
-0.987,-0.933,-12.950,Set B
-1.226,0.248,-12.677,Set B
0.666,1.650,-10.019,Set B
8.428,-5.453,-6.386,Set B
7.903,-6.670,2.264,Set B
7.852,-8.474,1.357,Set B
-1.968,8.533,3.799,Ambiguous
-7.878,-3.361,1.908,Ambiguous
-8.419,-2.691,1.963,Ambiguous
-7.027,0.025,3.237,Ambiguous
-7.927,0.214,-1.860,Ambiguous
-1.671,9.089,-8.845,Set B
-7.319,1.373,-0.498,Set A
3.850,8.476,3.430,Ambiguous
8.670,0.777,-4.775,Set B
7.755,1.764,-4.574,Set B
-1.851,-3.636,-9.076,Set B
7.527,2.124,-6.877,Set B
-9.734,-5.488,3.331,Set A
-7.380,-7.492,7.415,Set A
3.311,8.741,3.648,Set A
-1.246,-4.624,-4.457,Set B
-11.793,4.066,7.121,Ambiguous
0.178,-0.475,-15.120,Set B
1.779,-0.344,-14.934,Set B
-4.227,3.298,-8.634,Set B
6.704,-4.030,-12.899,Set B
-6.743,-2.366,12.752,Set A
-6.713,-2.103,10.546,Set A
-9.406,-2.660,6.100,Set A
3.935,1.855,-8.134,Set B
0.573,-8.309,-4.908,Set B
-7.326,-3.943,0.515,Set B
1.369,-9.000,-5.831,Set B
-8.354,-4.675,-0.298,Ambiguous
-10.405,-7.154,-0.248,Set B
-9.950,-6.345,1.860,Ambiguous
-6.088,1.643,10.272,Set A
-7.777,-4.039,4.496,Ambiguous
-9.003,-7.003,0.561,Set B
-5.578,1.782,6.500,Set A
-4.465,3.352,-1.067,Set B
-1.828,8.995,-5.191,Set B
-3.122,4.529,2.617,Ambiguous
-3.262,5.453,2.901,Ambiguous
-3.956,1.677,3.596,Ambiguous
7.265,-6.089,0.405,Set B
3.473,-1.384,-3.698,Set B
-3.538,-2.363,2.570,Set A
-3.179,4.517,-8.633,Set B
-9.242,6.281,3.042,Set A
-4.464,9.788,-3.708,Ambiguous
-2.721,11.154,-4.491,Set B
-5.659,3.296,12.007,Set A
7.478,2.327,-4.818,Set B
4.904,2.699,-5.024,Set B
6.075,3.607,-0.936,Set B
5.924,3.773,-9.129,Set B
1.120,-7.397,-10.656,Set B
11.086,-3.475,-6.729,Set B
1.656,3.797,10.941,Set A
-1.996,-3.953,11.176,Set A
3.162,8.404,7.754,Set A
0.713,8.238,4.527,Set A
-6.394,10.267,6.084,Set A
-7.415,10.965,6.665,Set A
-7.763,11.083,6.782,Set A
-1.721,0.423,10.855,Set A
6.611,-0.332,2.147,Set B
6.695,-0.294,2.808,Set B
7.514,0.298,4.186,Set B
3.138,-6.255,-13.739,Set B
-8.638,-8.460,1.739,Set B
-1.489,-6.273,-7.512,Set B
-8.270,-9.322,1.560,Ambiguous
-10.449,-3.750,6.290,Set A
4.689,-10.378,-12.194,Set B
5.560,-9.165,-12.735,Set B
-2.161,0.026,-0.444,Set B
-3.423,-0.641,0.416,Ambiguous
-4.490,2.583,-8.900,Set B
-6.442,3.011,-9.906,Set B
-0.533,4.883,-12.737,Set B
-1.986,2.125,-5.944,Set B
-3.681,6.415,-8.597,Set B
-3.388,5.455,-10.473,Set B
4.677,-9.897,5.357,Set B
9.646,-11.473,-6.135,Set B
4.432,-9.711,5.391,Set B
4.805,5.091,-7.886,Ambiguous
5.478,4.437,-8.462,Set B
5.000,3.264,10.093,Set A
2.230,2.959,12.257,Set A
-7.516,1.344,0.949,Set A
-3.287,1.865,8.280,Set A
-3.863,-7.177,2.135,Ambiguous
6.349,-1.026,-3.958,Set B
-1.292,1.298,-12.391,Set B
-0.643,-1.200,-14.632,Set B
2.858,-6.596,1.808,Ambiguous
3.935,2.557,-8.087,Set B
0.671,0.233,-9.007,Set B
-0.361,-2.735,-7.554,Set B
0.900,-1.303,-8.387,Set B
11.241,4.750,-0.737,Set B
-7.386,-9.746,0.508,Set B
-4.312,8.332,6.196,Set A
11.603,4.114,-0.325,Set B
-2.670,-7.915,4.876,Ambiguous
-7.833,-2.130,10.311,Set A
-4.555,8.605,3.501,Set A
-1.617,-3.050,6.437,Set A
-7.116,4.242,-1.986,Set B
-6.064,4.287,-0.632,Ambiguous
-5.042,4.834,0.027,Ambiguous
-5.784,3.178,-2.499,Set B
-0.429,6.547,2.438,Ambiguous
0.193,3.883,-5.140,Set B
-0.952,7.277,3.926,Ambiguous
0.983,4.006,-4.842,Set B
8.486,-10.822,-6.318,Set B
7.630,-10.916,-5.851,Set B
7.873,-10.016,-4.984,Set B
7.343,-6.516,-7.934,Set B
6.677,-10.279,-6.831,Set B
-0.811,-0.094,10.259,Set A
5.977,-5.823,-2.516,Set B
1.383,-1.295,-2.160,Set B
6.080,-2.437,4.034,Set B
-7.101,1.611,2.172,Ambiguous
-5.496,-9.169,4.658,Ambiguous
5.028,-12.325,-6.623,Set B
-4.592,-9.104,4.472,Ambiguous
7.965,-1.044,9.498,Ambiguous
1.713,-10.417,0.683,Set B
2.154,-10.054,0.832,Set B
3.629,-8.945,-8.320,Set B
3.684,-2.044,-13.630,Set B
4.052,3.518,2.904,Ambiguous
0.225,4.091,-0.968,Set B
1.871,-4.026,7.966,Set A
1.923,-2.698,14.601,Set A
2.397,-1.748,14.045,Set A
2.408,-2.115,13.713,Set A
2.469,-0.507,12.711,Set A
1.154,9.058,-1.890,Set B
2.929,-0.653,-11.958,Set B
0.416,0.151,0.128,Set B
-3.340,-2.906,3.427,Ambiguous
1.396,10.755,4.065,Set A
5.357,7.356,-1.900,Set B
1.839,-5.301,-11.227,Set B
5.777,-1.828,-8.932,Set B
-2.331,7.521,-8.126,Set B
-10.364,4.312,6.921,Set A
7.120,-6.603,-6.942,Set B
1.985,-2.654,-5.412,Set B
10.070,-4.860,-4.800,Set B
9.144,-6.592,-4.414,Set B
-5.578,5.723,6.607,Set A
-4.544,4.009,8.193,Set A
-4.956,6.570,6.873,Set A
-4.232,-1.746,-0.553,Ambiguous
-2.272,-5.022,6.118,Set A
7.573,-1.943,10.330,Ambiguous
-8.528,6.517,8.566,Set A
-9.744,-7.542,1.787,Ambiguous
9.189,4.323,5.564,Ambiguous
7.333,2.275,0.308,Ambiguous
4.716,3.400,10.713,Set A
5.991,-12.395,-5.942,Set B
5.911,-13.545,-5.302,Set B
6.047,-13.738,-6.271,Set B
6.888,-13.856,-5.677,Set B
-5.822,1.855,-4.990,Set B
7.119,-7.118,0.717,Set B
-1.546,4.180,-2.751,Set B
-6.123,4.219,8.374,Set A
-4.764,-2.250,-1.546,Set B
-4.482,5.922,-0.771,Set B
-2.547,11.654,0.027,Ambiguous
-1.143,-3.679,-5.328,Set B
-6.908,-5.450,4.073,Ambiguous
-0.032,9.477,-1.763,Ambiguous
1.223,-2.580,3.980,Ambiguous
0.185,1.069,-9.172,Set B
-5.846,5.765,-5.166,Set B
-3.481,4.306,-4.490,Set B
14.623,-0.370,-4.169,Ambiguous
2.533,4.259,6.457,Set A
1.663,2.561,5.628,Ambiguous
0.577,1.868,6.900,Set A
-6.769,4.419,11.469,Set A
-8.492,-7.625,-0.774,Set B
0.491,-1.997,-10.172,Set B
1.134,-4.337,-9.160,Set B
0.997,-4.175,-8.560,Set B
4.443,-4.086,-12.412,Set B
5.115,-6.207,-7.744,Set B
2.997,-7.240,-11.861,Set B
2.995,-7.706,-12.274,Set B
-1.831,5.128,-12.761,Set B
-2.376,5.191,-12.558,Set B
-1.426,3.800,-5.885,Set B
-2.587,11.600,-0.271,Ambiguous
3.212,-1.145,6.984,Ambiguous
6.302,2.335,6.254,Ambiguous
6.952,1.049,6.088,Ambiguous
9.309,8.449,-3.451,Set B
8.205,8.031,-4.102,Ambiguous
9.783,9.495,-3.844,Set B
8.758,8.726,-3.436,Set B
-7.967,2.112,-5.447,Set B
-4.768,2.819,-6.116,Set B
-5.336,0.628,-9.993,Set B
-6.264,0.214,-7.863,Set B
-2.585,-7.854,-7.539,Set B
10.002,-3.749,-7.299,Set B
-3.239,3.140,-5.570,Set B
-6.332,-3.532,10.143,Set A
-1.084,-7.855,5.321,Set B
-6.540,0.548,-10.415,Set B
-6.880,0.813,-9.555,Set B
-6.239,0.901,-8.179,Set B
-7.084,-5.834,2.703,Set B
6.278,-2.725,6.633,Set A
5.541,-2.107,5.735,Ambiguous
0.072,-2.634,-0.618,Set B
-0.144,-3.799,-0.817,Set B
-0.149,-9.442,4.755,Ambiguous
-0.186,-9.275,4.480,Ambiguous
7.691,-6.265,3.499,Ambiguous
6.285,-6.769,3.027,Set B
6.674,-8.946,-5.185,Set B
1.399,-7.589,-5.530,Set B
2.261,-1.254,-5.070,Set B
-9.951,-3.551,0.988,Ambiguous
-8.113,-3.550,4.136,Ambiguous
5.544,0.182,-0.049,Set B
-5.674,-0.211,7.675,Set A
-0.684,5.182,7.145,Set A
-8.499,6.043,0.774,Set A
-2.325,-4.071,11.260,Set A
-8.274,8.662,2.008,Set A
-3.081,9.988,-3.772,Ambiguous
-6.154,-4.005,10.293,Set A
6.188,8.738,3.076,Set A
-3.717,-0.903,9.411,Set A
-5.786,0.899,11.608,Set A
-1.155,-9.387,-4.150,Set B
-1.646,-9.944,-4.046,Set B
6.850,-0.853,-4.725,Set B
0.285,4.975,-0.657,Ambiguous
-4.096,8.951,-7.922,Set B
-3.081,-3.425,-5.637,Set B
2.538,-4.820,3.200,Set A
4.348,-6.381,3.766,Set B
7.735,-8.221,4.479,Ambiguous
2.321,-4.478,5.126,Ambiguous
9.360,2.471,-2.907,Set B
-11.781,0.039,9.075,Set A
7.631,5.246,-2.995,Set B
7.651,0.506,5.745,Ambiguous
3.999,5.988,-0.347,Ambiguous
-5.369,0.116,5.917,Ambiguous
5.067,-1.160,5.503,Ambiguous
1.332,0.664,4.584,Ambiguous
2.144,3.869,-10.209,Set B
-6.365,8.606,-0.840,Set A
-0.109,-3.393,7.182,Set A
6.937,-10.115,-7.850,Set B
-9.347,9.082,5.993,Set A
-7.031,6.768,-7.311,Ambiguous
-5.310,9.846,4.427,Set A
2.880,4.765,6.178,Set A
7.206,-7.943,-5.456,Set B
5.117,-3.572,-11.548,Set B
-3.422,6.050,4.472,Set A
-1.838,4.378,-3.288,Set B
-11.920,-0.665,8.605,Set A
1.542,4.090,10.627,Set A
7.756,0.103,7.852,Ambiguous
3.288,8.313,8.320,Set A
3.217,-9.324,-3.213,Set B
4.624,-6.262,5.074,Ambiguous
-0.798,7.055,8.708,Set A
2.023,-4.308,-12.878,Set B
2.469,-3.936,-10.861,Set B
9.662,-4.946,-1.403,Set B
9.729,-4.369,-6.340,Set B
7.928,-8.975,5.136,Set B
-1.390,-3.201,-7.739,Set B
0.417,0.626,5.815,Set A
-1.195,6.228,7.520,Set A
2.292,-0.164,2.070,Set B
8.989,4.376,-0.816,Set B
-7.548,-8.371,9.005,Set A
-7.893,-7.554,8.931,Set A
-7.457,-7.498,5.389,Set A
-7.108,-7.605,5.965,Set A
1.166,-4.392,-6.565,Set B
10.188,4.722,-0.791,Set B
5.554,3.224,8.811,Set A
-5.031,7.298,10.241,Set A
3.682,-4.918,2.039,Ambiguous
3.686,-4.145,2.179,Set B
-5.775,7.939,-0.334,Set A
4.045,-2.825,1.529,Set B
2.464,2.960,1.652,Ambiguous
-5.148,0.839,3.143,Ambiguous
0.033,-3.456,3.437,Set B
-5.150,-2.720,-2.632,Set B
2.074,-1.681,4.532,Ambiguous
2.783,-1.828,5.203,Set B
2.125,-1.562,7.119,Ambiguous
2.728,-2.263,7.149,Ambiguous
-8.010,7.291,4.996,Set A
-4.237,1.871,8.142,Set A
-8.136,-7.499,9.679,Set A
-7.277,6.647,1.246,Set A
-0.556,-2.820,-5.192,Set B
-8.444,7.830,5.959,Set A
-0.693,4.235,-6.955,Set B
9.772,6.051,6.233,Set A
1.901,-0.809,8.761,Set A
-2.953,3.171,9.303,Set A
2.378,-5.459,-10.442,Set B
-0.923,8.728,-5.375,Set B
3.991,-3.110,-9.558,Set B
4.588,-2.687,-9.020,Set B
3.613,-8.612,-9.646,Set B
2.384,-6.391,-6.635,Set B
-1.265,0.366,-1.498,Set B
-1.087,0.202,-0.645,Set B
3.982,-5.006,-3.898,Set B
0.570,-4.939,-5.495,Set B
3.672,-6.832,6.195,Ambiguous
1.912,0.271,13.001,Set A
-7.066,1.318,-1.305,Set B
-1.885,2.212,-2.301,Set B
2.366,-1.967,-13.233,Set B
-4.423,7.807,-8.446,Set B
4.253,-10.991,-10.830,Set B
4.268,-11.142,-12.129,Set B
-1.019,8.436,5.971,Set A
8.595,-9.793,1.256,Set B
0.871,-9.123,-9.616,Set B
4.599,-8.927,1.356,Set B
-2.059,10.749,-1.338,Ambiguous
-1.502,9.579,-2.413,Set B
-4.009,6.422,2.812,Set A
-5.311,6.102,2.315,Ambiguous
-5.478,6.234,3.659,Set A
-4.986,5.009,3.197,Ambiguous
-3.084,-9.015,2.823,Set A
-8.915,7.195,8.268,Set A
-9.412,-1.480,6.583,Set A
2.645,-4.983,-5.217,Set B
1.874,-4.931,-6.405,Set B
-6.574,-2.097,2.278,Set B
3.179,-0.713,-1.137,Set B
4.201,2.655,-0.344,Set B
-9.489,4.686,6.633,Set A
4.541,3.254,-0.611,Ambiguous
-3.925,1.843,-0.349,Set B
1.450,-3.966,-13.303,Set B
0.551,-6.013,-10.737,Set B
8.003,-6.057,-4.484,Set B
6.350,-5.241,-3.849,Set B
2.142,2.140,4.330,Ambiguous
-4.955,0.724,-5.266,Set B
-2.710,3.757,-0.720,Set B
3.504,4.962,0.517,Ambiguous
-4.398,-0.179,-5.610,Set B
0.701,3.390,15.129,Set A
1.309,2.346,15.060,Set A
1.373,2.929,14.229,Set A
0.375,2.664,14.863,Set A
3.620,-3.505,5.383,Set B
0.903,-2.351,-2.385,Set B
8.397,4.695,-0.696,Set B
-2.190,-7.109,-7.541,Set B
5.746,-6.991,0.663,Set B
-2.729,4.187,-8.865,Set B
-3.642,-8.485,4.178,Ambiguous
-0.357,-0.601,3.029,Ambiguous
-1.267,-0.371,3.262,Set A
1.233,-0.408,2.759,Set B
-1.094,-7.082,5.773,Ambiguous
-3.209,-6.582,0.372,Set B
-2.381,9.018,-6.135,Set B
0.138,-4.872,-13.747,Set B
8.868,2.929,5.283,Ambiguous
9.871,-4.887,-2.844,Set B
7.943,-1.277,0.057,Set B
7.276,-0.705,0.741,Set B
5.300,-1.835,-1.858,Set B
2.920,-9.371,-2.537,Set B
2.996,-9.801,-0.454,Set B
3.717,-9.573,0.187,Set B
-6.732,2.029,-4.324,Set B
7.652,-7.151,-0.953,Set B
8.512,-5.482,-0.050,Set B
-3.638,0.011,5.265,Ambiguous
