Subject,Run,Positive,Negative,Future,Past,Myself,People,Surroundings,Vigilance,Images,Words,Specific,Intrusive
sub-010014,post-ses-02-run-01-acq-AP,80.0,15.0,50.0,55.0,30.0,65.0,55.0,45.0,95.0,90.0,25.0,30.0
sub-010014,post-ses-02-run-01-acq-PA,60.0,10.0,75.0,70.0,65.0,65.0,80.0,40.0,95.0,85.0,25.0,55.0
sub-010014,post-ses-02-run-02-acq-AP,55.0,60.0,65.0,40.0,50.0,60.0,65.0,40.0,75.0,85.0,30.0,60.0
sub-010014,post-ses-02-run-02-acq-PA,40.0,55.0,95.0,5.0,55.0,60.0,60.0,40.0,80.0,90.0,30.0,55.0
sub-010079,post-ses-02-run-01-acq-AP,50.0,20.0,100.0,95.0,95.0,50.0,100.0,40.0,100.0,50.0,100.0,30.0
sub-010079,post-ses-02-run-01-acq-PA,95.0,60.0,100.0,50.0,85.0,100.0,75.0,25.0,50.0,5.0,100.0,50.0
sub-010079,post-ses-02-run-02-acq-AP,100.0,55.0,50.0,75.0,65.0,100.0,50.0,50.0,100.0,5.0,100.0,35.0
sub-010079,post-ses-02-run-02-acq-PA,75.0,70.0,100.0,60.0,70.0,100.0,85.0,25.0,100.0,0.0,100.0,40.0
sub-010080,post-ses-02-run-01-acq-AP,85.0,20.0,55.0,60.0,25.0,50.0,30.0,10.0,65.0,20.0,25.0,50.0
sub-010080,post-ses-02-run-01-acq-PA,65.0,45.0,50.0,55.0,50.0,55.0,55.0,50.0,50.0,40.0,75.0,40.0
sub-010080,post-ses-02-run-02-acq-AP,75.0,20.0,50.0,30.0,35.0,70.0,75.0,15.0,70.0,50.0,40.0,10.0
sub-010080,post-ses-02-run-02-acq-PA,100.0,10.0,90.0,70.0,45.0,100.0,45.0,90.0,95.0,40.0,90.0,40.0
sub-010082,post-ses-02-run-01-acq-AP,25.0,70.0,80.0,5.0,60.0,80.0,75.0,75.0,70.0,80.0,70.0,10.0
sub-010082,post-ses-02-run-01-acq-PA,15.0,75.0,65.0,0.0,55.0,55.0,35.0,70.0,70.0,75.0,80.0,30.0
sub-010082,post-ses-02-run-02-acq-AP,30.0,75.0,45.0,10.0,20.0,30.0,25.0,80.0,55.0,70.0,40.0,30.0
sub-010082,post-ses-02-run-02-acq-PA,30.0,70.0,70.0,10.0,45.0,35.0,25.0,65.0,60.0,70.0,70.0,15.0
sub-010084,post-ses-02-run-01-acq-AP,90.0,5.0,90.0,25.0,25.0,95.0,30.0,75.0,10.0,95.0,45.0,45.0
sub-010084,post-ses-02-run-01-acq-PA,90.0,5.0,90.0,30.0,20.0,75.0,45.0,80.0,35.0,95.0,80.0,35.0
sub-010084,post-ses-02-run-02-acq-AP,95.0,35.0,85.0,40.0,15.0,70.0,60.0,55.0,45.0,75.0,80.0,35.0
sub-010084,post-ses-02-run-02-acq-PA,75.0,15.0,65.0,25.0,25.0,70.0,40.0,70.0,35.0,70.0,45.0,25.0
sub-010085,post-ses-02-run-01-acq-AP,100.0,50.0,25.0,50.0,10.0,40.0,50.0,100.0,50.0,40.0,50.0,50.0
sub-010085,post-ses-02-run-01-acq-PA,50.0,55.0,35.0,55.0,50.0,50.0,50.0,100.0,50.0,25.0,50.0,50.0
sub-010085,post-ses-02-run-02-acq-AP,50.0,50.0,50.0,40.0,50.0,60.0,35.0,100.0,30.0,40.0,50.0,50.0
sub-010085,post-ses-02-run-02-acq-PA,80.0,50.0,55.0,50.0,25.0,50.0,50.0,50.0,50.0,25.0,65.0,50.0
sub-010015,post-ses-02-run-01-acq-AP,40.0,70.0,60.0,55.0,25.0,75.0,60.0,50.0,30.0,65.0,70.0,20.0
sub-010015,post-ses-02-run-01-acq-PA,40.0,70.0,15.0,35.0,60.0,15.0,70.0,35.0,65.0,15.0,15.0,15.0
sub-010015,post-ses-02-run-02-acq-AP,15.0,65.0,60.0,25.0,65.0,20.0,75.0,75.0,30.0,25.0,45.0,60.0
sub-010015,post-ses-02-run-02-acq-PA,25.0,75.0,60.0,65.0,65.0,30.0,75.0,35.0,0.0,70.0,35.0,30.0
sub-010086,post-ses-02-run-01-acq-AP,50.0,40.0,55.0,50.0,20.0,80.0,65.0,85.0,45.0,60.0,50.0,50.0
sub-010086,post-ses-02-run-01-acq-PA,35.0,50.0,50.0,75.0,50.0,50.0,50.0,75.0,50.0,50.0,60.0,50.0
sub-010086,post-ses-02-run-02-acq-AP,80.0,50.0,75.0,50.0,25.0,65.0,50.0,80.0,50.0,50.0,50.0,35.0
sub-010086,post-ses-02-run-02-acq-PA,65.0,50.0,65.0,65.0,40.0,50.0,60.0,50.0,50.0,50.0,50.0,50.0
sub-010087,post-ses-02-run-01-acq-AP,45.0,50.0,70.0,50.0,50.0,50.0,50.0,50.0,0.0,50.0,0.0,50.0
sub-010088,post-ses-02-run-01-acq-AP,55.0,50.0,30.0,80.0,40.0,70.0,50.0,45.0,35.0,50.0,60.0,45.0
sub-010088,post-ses-02-run-01-acq-PA,50.0,45.0,60.0,50.0,40.0,85.0,50.0,40.0,40.0,50.0,50.0,50.0
sub-010088,post-ses-02-run-02-acq-AP,55.0,50.0,60.0,60.0,50.0,80.0,50.0,40.0,50.0,50.0,35.0,35.0
sub-010088,post-ses-02-run-02-acq-PA,50.0,50.0,50.0,65.0,50.0,65.0,50.0,50.0,50.0,50.0,50.0,25.0
sub-010090,post-ses-02-run-01-acq-AP,55.0,0.0,0.0,0.0,0.0,0.0,100.0,100.0,100.0,0.0,100.0,100.0
sub-010090,post-ses-02-run-01-acq-PA,100.0,0.0,100.0,100.0,100.0,100.0,100.0,100.0,60.0,100.0,100.0,100.0
sub-010090,post-ses-02-run-02-acq-AP,95.0,0.0,100.0,100.0,100.0,100.0,85.0,95.0,100.0,100.0,100.0,100.0
sub-010090,post-ses-02-run-02-acq-PA,100.0,0.0,100.0,100.0,100.0,100.0,85.0,100.0,100.0,85.0,95.0,100.0
sub-010091,post-ses-02-run-01-acq-AP,100.0,0.0,75.0,10.0,50.0,100.0,65.0,50.0,50.0,15.0,100.0,50.0
sub-010091,post-ses-02-run-01-acq-PA,95.0,5.0,90.0,20.0,85.0,100.0,10.0,70.0,100.0,0.0,95.0,65.0
sub-010091,post-ses-02-run-02-acq-AP,95.0,0.0,75.0,55.0,60.0,95.0,10.0,55.0,95.0,5.0,100.0,90.0
sub-010091,post-ses-02-run-02-acq-PA,100.0,10.0,50.0,50.0,50.0,85.0,15.0,30.0,95.0,5.0,70.0,80.0
sub-010016,post-ses-02-run-01-acq-AP,40.0,65.0,70.0,85.0,75.0,100.0,100.0,90.0,100.0,40.0,85.0,70.0
sub-010016,post-ses-02-run-01-acq-PA,60.0,55.0,65.0,35.0,90.0,80.0,85.0,35.0,100.0,25.0,35.0,60.0
sub-010016,post-ses-02-run-02-acq-AP,35.0,70.0,75.0,65.0,95.0,65.0,100.0,40.0,70.0,100.0,100.0,75.0
sub-010016,post-ses-02-run-02-acq-PA,35.0,80.0,100.0,70.0,100.0,100.0,100.0,100.0,80.0,100.0,90.0,75.0
sub-010092,post-ses-02-run-01-acq-AP,90.0,5.0,50.0,50.0,80.0,85.0,90.0,100.0,50.0,20.0,50.0,25.0
sub-010092,post-ses-02-run-01-acq-PA,80.0,10.0,80.0,75.0,75.0,50.0,70.0,100.0,50.0,50.0,15.0,50.0
sub-010092,post-ses-02-run-02-acq-AP,90.0,5.0,85.0,85.0,90.0,85.0,80.0,100.0,15.0,50.0,15.0,15.0
sub-010092,post-ses-02-run-02-acq-PA,100.0,0.0,90.0,85.0,90.0,85.0,75.0,100.0,15.0,10.0,15.0,10.0
sub-010093,post-ses-02-run-01-acq-AP,90.0,0.0,75.0,10.0,70.0,15.0,95.0,85.0,65.0,75.0,80.0,80.0
sub-010093,post-ses-02-run-01-acq-PA,85.0,5.0,50.0,10.0,15.0,15.0,85.0,70.0,60.0,80.0,75.0,80.0
sub-010093,post-ses-02-run-02-acq-AP,80.0,0.0,70.0,5.0,70.0,25.0,90.0,65.0,70.0,85.0,80.0,70.0
sub-010093,post-ses-02-run-02-acq-PA,95.0,0.0,25.0,90.0,15.0,95.0,5.0,95.0,90.0,90.0,95.0,90.0
sub-010094,post-ses-02-run-01-acq-AP,75.0,30.0,50.0,70.0,40.0,70.0,65.0,30.0,35.0,60.0,25.0,25.0
sub-010094,post-ses-02-run-01-acq-PA,85.0,65.0,65.0,65.0,70.0,95.0,25.0,95.0,30.0,65.0,10.0,20.0
sub-010094,post-ses-02-run-02-acq-AP,60.0,60.0,20.0,30.0,40.0,70.0,75.0,90.0,20.0,30.0,30.0,35.0
sub-010094,post-ses-02-run-02-acq-PA,50.0,80.0,55.0,35.0,25.0,70.0,70.0,90.0,85.0,35.0,75.0,85.0
sub-010096,post-ses-02-run-01-acq-AP,0.0,90.0,100.0,10.0,0.0,25.0,25.0,100.0,50.0,30.0,20.0,20.0
sub-010096,post-ses-02-run-01-acq-PA,15.0,70.0,50.0,25.0,20.0,5.0,50.0,80.0,75.0,90.0,0.0,0.0
sub-010096,post-ses-02-run-02-acq-AP,5.0,50.0,80.0,5.0,15.0,20.0,90.0,90.0,85.0,10.0,0.0,0.0
sub-010096,post-ses-02-run-02-acq-PA,60.0,75.0,75.0,5.0,65.0,80.0,15.0,95.0,5.0,0.0,40.0,30.0
sub-010017,post-ses-02-run-01-acq-AP,55.0,55.0,35.0,65.0,55.0,60.0,65.0,35.0,65.0,35.0,40.0,40.0
sub-010017,post-ses-02-run-01-acq-PA,40.0,60.0,40.0,60.0,55.0,30.0,65.0,55.0,45.0,60.0,40.0,60.0
sub-010017,post-ses-02-run-02-acq-AP,60.0,65.0,25.0,50.0,60.0,30.0,70.0,25.0,65.0,55.0,25.0,30.0
sub-010017,post-ses-02-run-02-acq-PA,60.0,50.0,60.0,70.0,60.0,75.0,40.0,35.0,75.0,30.0,75.0,70.0
sub-010097,post-ses-02-run-01-acq-AP,75.0,25.0,75.0,70.0,65.0,30.0,85.0,65.0,95.0,95.0,90.0,25.0
sub-010097,post-ses-02-run-01-acq-PA,75.0,25.0,70.0,70.0,65.0,30.0,75.0,65.0,90.0,90.0,80.0,15.0
sub-010097,post-ses-02-run-02-acq-AP,75.0,35.0,65.0,60.0,65.0,30.0,70.0,65.0,90.0,85.0,80.0,10.0
sub-010097,post-ses-02-run-02-acq-PA,60.0,35.0,60.0,65.0,40.0,35.0,65.0,65.0,90.0,75.0,90.0,10.0
sub-010098,post-ses-02-run-01-acq-AP,25.0,70.0,20.0,80.0,95.0,80.0,75.0,95.0,65.0,15.0,95.0,65.0
sub-010098,post-ses-02-run-01-acq-PA,75.0,75.0,70.0,95.0,25.0,95.0,40.0,60.0,90.0,20.0,95.0,10.0
sub-010098,post-ses-02-run-02-acq-AP,85.0,30.0,85.0,40.0,20.0,85.0,10.0,35.0,75.0,20.0,30.0,15.0
sub-010098,post-ses-02-run-02-acq-PA,55.0,20.0,80.0,80.0,85.0,90.0,60.0,75.0,85.0,10.0,15.0,10.0
sub-010099,post-ses-02-run-01-acq-AP,60.0,25.0,70.0,30.0,40.0,80.0,70.0,35.0,75.0,70.0,65.0,15.0
sub-010099,post-ses-02-run-01-acq-PA,50.0,35.0,60.0,25.0,75.0,60.0,60.0,25.0,60.0,65.0,55.0,20.0
sub-010099,post-ses-02-run-02-acq-AP,35.0,40.0,35.0,30.0,55.0,60.0,60.0,5.0,40.0,60.0,30.0,20.0
sub-010099,post-ses-02-run-02-acq-PA,40.0,60.0,55.0,30.0,60.0,65.0,65.0,15.0,60.0,40.0,35.0,60.0
sub-010101,post-ses-02-run-01-acq-AP,85.0,15.0,35.0,90.0,60.0,90.0,15.0,95.0,80.0,35.0,60.0,35.0
sub-010101,post-ses-02-run-01-acq-PA,70.0,15.0,85.0,35.0,40.0,75.0,35.0,90.0,75.0,60.0,75.0,45.0
sub-010101,post-ses-02-run-02-acq-AP,55.0,30.0,70.0,45.0,25.0,70.0,80.0,85.0,65.0,55.0,70.0,15.0
sub-010101,post-ses-02-run-02-acq-PA,35.0,70.0,50.0,55.0,70.0,65.0,70.0,90.0,60.0,65.0,65.0,70.0
sub-010102,post-ses-02-run-01-acq-AP,70.0,25.0,60.0,35.0,45.0,65.0,70.0,55.0,85.0,30.0,75.0,35.0
sub-010102,post-ses-02-run-01-acq-PA,65.0,30.0,70.0,40.0,55.0,70.0,45.0,55.0,65.0,65.0,60.0,40.0
sub-010102,post-ses-02-run-02-acq-AP,55.0,60.0,65.0,25.0,70.0,55.0,65.0,70.0,65.0,70.0,75.0,60.0
sub-010102,post-ses-02-run-02-acq-PA,70.0,35.0,60.0,30.0,55.0,65.0,45.0,60.0,70.0,70.0,65.0,40.0
sub-010103,post-ses-02-run-01-acq-AP,55.0,50.0,55.0,40.0,60.0,50.0,60.0,30.0,30.0,65.0,60.0,55.0
sub-010103,post-ses-02-run-01-acq-PA,60.0,60.0,40.0,40.0,60.0,40.0,60.0,55.0,35.0,65.0,65.0,65.0
sub-010103,post-ses-02-run-02-acq-AP,55.0,60.0,55.0,45.0,60.0,55.0,65.0,55.0,40.0,60.0,60.0,60.0
sub-010103,post-ses-02-run-02-acq-PA,55.0,60.0,55.0,45.0,60.0,55.0,65.0,60.0,40.0,60.0,65.0,60.0
sub-010105,post-ses-02-run-01-acq-AP,95.0,5.0,35.0,80.0,65.0,95.0,65.0,5.0,70.0,80.0,50.0,30.0
sub-010105,post-ses-02-run-01-acq-PA,55.0,75.0,50.0,10.0,75.0,50.0,85.0,15.0,30.0,85.0,25.0,30.0
sub-010105,post-ses-02-run-02-acq-AP,50.0,50.0,60.0,60.0,65.0,60.0,60.0,10.0,50.0,50.0,0.0,15.0
sub-010105,post-ses-02-run-02-acq-PA,85.0,30.0,80.0,5.0,70.0,50.0,80.0,15.0,30.0,70.0,10.0,35.0
sub-010106,post-ses-02-run-01-acq-AP,55.0,60.0,75.0,85.0,20.0,80.0,95.0,80.0,65.0,20.0,65.0,35.0
sub-010106,post-ses-02-run-01-acq-PA,25.0,75.0,65.0,35.0,80.0,65.0,100.0,40.0,60.0,60.0,75.0,35.0
sub-010106,post-ses-02-run-02-acq-AP,55.0,70.0,65.0,60.0,60.0,75.0,70.0,35.0,55.0,80.0,35.0,40.0
sub-010106,post-ses-02-run-02-acq-PA,75.0,60.0,85.0,15.0,70.0,75.0,65.0,70.0,65.0,85.0,25.0,5.0
sub-010107,post-ses-02-run-01-acq-AP,85.0,10.0,100.0,50.0,100.0,100.0,50.0,75.0,100.0,100.0,100.0,50.0
sub-010107,post-ses-02-run-01-acq-PA,100.0,35.0,90.0,100.0,75.0,85.0,50.0,35.0,100.0,75.0,70.0,50.0
sub-010107,post-ses-02-run-02-acq-AP,50.0,15.0,50.0,50.0,50.0,50.0,35.0,0.0,50.0,50.0,5.0,35.0
sub-010107,post-ses-02-run-02-acq-PA,25.0,40.0,25.0,40.0,50.0,25.0,45.0,0.0,30.0,50.0,5.0,35.0
sub-010108,post-ses-02-run-01-acq-AP,100.0,5.0,75.0,100.0,90.0,100.0,10.0,100.0,85.0,100.0,75.0,50.0
sub-010108,post-ses-02-run-01-acq-PA,100.0,70.0,100.0,100.0,80.0,95.0,65.0,100.0,80.0,95.0,75.0,30.0
sub-010108,post-ses-02-run-02-acq-AP,85.0,70.0,85.0,75.0,85.0,100.0,90.0,100.0,75.0,100.0,80.0,55.0
sub-010108,post-ses-02-run-02-acq-PA,80.0,65.0,45.0,75.0,80.0,95.0,65.0,100.0,65.0,100.0,80.0,30.0
sub-010018,post-ses-02-run-01-acq-AP,65.0,35.0,85.0,30.0,55.0,85.0,30.0,70.0,95.0,20.0,90.0,20.0
sub-010018,post-ses-02-run-01-acq-PA,55.0,30.0,75.0,25.0,20.0,65.0,30.0,45.0,85.0,10.0,40.0,55.0
sub-010018,post-ses-02-run-02-acq-AP,60.0,40.0,60.0,15.0,40.0,90.0,20.0,45.0,90.0,15.0,35.0,55.0
sub-010018,post-ses-02-run-02-acq-PA,40.0,60.0,65.0,10.0,30.0,70.0,65.0,45.0,90.0,5.0,35.0,60.0
sub-010111,post-ses-02-run-01-acq-AP,70.0,20.0,25.0,90.0,55.0,65.0,65.0,40.0,75.0,55.0,70.0,15.0
sub-010111,post-ses-02-run-01-acq-PA,55.0,20.0,25.0,70.0,60.0,80.0,75.0,50.0,70.0,60.0,65.0,15.0
sub-010111,post-ses-02-run-02-acq-AP,50.0,50.0,35.0,85.0,55.0,70.0,90.0,25.0,85.0,35.0,35.0,25.0
sub-010111,post-ses-02-run-02-acq-PA,65.0,20.0,40.0,90.0,60.0,70.0,35.0,20.0,90.0,45.0,15.0,60.0
sub-010112,post-ses-02-run-01-acq-AP,55.0,45.0,95.0,70.0,65.0,85.0,60.0,55.0,35.0,65.0,35.0,40.0
sub-010112,post-ses-02-run-01-acq-PA,45.0,55.0,35.0,65.0,60.0,80.0,35.0,45.0,70.0,40.0,15.0,65.0
sub-010112,post-ses-02-run-02-acq-AP,55.0,60.0,60.0,75.0,30.0,65.0,55.0,50.0,45.0,70.0,20.0,40.0
sub-010113,post-ses-02-run-01-acq-AP,90.0,20.0,75.0,80.0,25.0,100.0,85.0,50.0,50.0,50.0,50.0,25.0
sub-010113,post-ses-02-run-01-acq-PA,70.0,20.0,75.0,50.0,30.0,95.0,70.0,60.0,50.0,65.0,80.0,25.0
sub-010113,post-ses-02-run-02-acq-AP,75.0,5.0,95.0,60.0,50.0,95.0,50.0,70.0,90.0,95.0,70.0,15.0
sub-010113,post-ses-02-run-02-acq-PA,80.0,5.0,95.0,40.0,60.0,95.0,60.0,90.0,50.0,95.0,70.0,5.0
sub-010114,post-ses-02-run-01-acq-AP,90.0,0.0,30.0,90.0,75.0,100.0,10.0,100.0,65.0,90.0,90.0,40.0
sub-010114,post-ses-02-run-01-acq-PA,85.0,0.0,65.0,70.0,20.0,65.0,60.0,80.0,75.0,55.0,35.0,10.0
sub-010114,post-ses-02-run-02-acq-AP,40.0,50.0,15.0,20.0,10.0,10.0,25.0,85.0,60.0,35.0,25.0,60.0
sub-010114,post-ses-02-run-02-acq-PA,75.0,25.0,80.0,60.0,35.0,85.0,30.0,100.0,30.0,90.0,80.0,30.0
sub-010115,post-ses-02-run-01-acq-AP,60.0,45.0,10.0,65.0,55.0,75.0,65.0,95.0,80.0,85.0,90.0,60.0
sub-010115,post-ses-02-run-01-acq-PA,70.0,10.0,20.0,30.0,15.0,40.0,60.0,90.0,35.0,95.0,90.0,60.0
sub-010115,post-ses-02-run-02-acq-AP,50.0,55.0,65.0,60.0,10.0,60.0,70.0,95.0,35.0,85.0,35.0,40.0
sub-010115,post-ses-02-run-02-acq-PA,65.0,25.0,60.0,65.0,20.0,70.0,55.0,95.0,90.0,90.0,80.0,50.0
sub-010116,post-ses-02-run-01-acq-AP,100.0,65.0,100.0,15.0,85.0,55.0,90.0,95.0,10.0,100.0,90.0,45.0
sub-010116,post-ses-02-run-01-acq-PA,95.0,80.0,85.0,90.0,60.0,85.0,30.0,100.0,75.0,90.0,90.0,85.0
sub-010116,post-ses-02-run-02-acq-AP,90.0,60.0,90.0,40.0,85.0,95.0,35.0,90.0,90.0,70.0,90.0,95.0
sub-010116,post-ses-02-run-02-acq-PA,70.0,40.0,75.0,70.0,75.0,80.0,70.0,70.0,85.0,30.0,80.0,75.0
sub-010117,post-ses-02-run-01-acq-AP,60.0,10.0,80.0,55.0,25.0,100.0,85.0,100.0,100.0,0.0,75.0,45.0
sub-010117,post-ses-02-run-01-acq-PA,60.0,0.0,60.0,65.0,30.0,70.0,100.0,75.0,20.0,75.0,20.0,15.0
sub-010117,post-ses-02-run-02-acq-AP,50.0,0.0,20.0,40.0,40.0,65.0,90.0,15.0,25.0,65.0,25.0,20.0
sub-010117,post-ses-02-run-02-acq-PA,75.0,20.0,30.0,85.0,55.0,20.0,65.0,85.0,50.0,65.0,85.0,70.0
sub-010118,post-ses-02-run-01-acq-AP,100.0,0.0,60.0,75.0,60.0,90.0,65.0,90.0,60.0,85.0,95.0,30.0
sub-010118,post-ses-02-run-01-acq-PA,100.0,0.0,60.0,95.0,65.0,70.0,25.0,90.0,90.0,15.0,70.0,15.0
sub-010118,post-ses-02-run-02-acq-AP,90.0,15.0,25.0,85.0,70.0,65.0,60.0,45.0,85.0,5.0,60.0,5.0
sub-010118,post-ses-02-run-02-acq-PA,100.0,0.0,70.0,55.0,75.0,75.0,20.0,65.0,85.0,0.0,25.0,5.0
sub-010120,post-ses-02-run-01-acq-AP,65.0,5.0,20.0,85.0,40.0,80.0,25.0,25.0,95.0,40.0,75.0,30.0
sub-010120,post-ses-02-run-01-acq-PA,60.0,10.0,25.0,95.0,65.0,75.0,15.0,15.0,95.0,25.0,65.0,5.0
sub-010120,post-ses-02-run-02-acq-AP,95.0,5.0,10.0,95.0,90.0,95.0,5.0,10.0,95.0,20.0,90.0,50.0
sub-010120,post-ses-02-run-02-acq-PA,75.0,5.0,5.0,95.0,80.0,95.0,5.0,5.0,95.0,20.0,90.0,75.0
sub-010121,post-ses-02-run-01-acq-AP,75.0,10.0,5.0,90.0,65.0,95.0,60.0,100.0,85.0,65.0,85.0,75.0
sub-010121,post-ses-02-run-01-acq-PA,40.0,45.0,5.0,80.0,75.0,40.0,65.0,85.0,20.0,70.0,45.0,40.0
sub-010121,post-ses-02-run-02-acq-AP,75.0,20.0,30.0,80.0,60.0,55.0,40.0,95.0,45.0,80.0,80.0,40.0
sub-010121,post-ses-02-run-02-acq-PA,75.0,25.0,30.0,95.0,65.0,90.0,20.0,85.0,90.0,60.0,70.0,65.0
sub-010122,post-ses-02-run-01-acq-AP,60.0,35.0,50.0,50.0,55.0,50.0,20.0,50.0,50.0,55.0,65.0,40.0
sub-010122,post-ses-02-run-01-acq-PA,50.0,45.0,35.0,50.0,55.0,55.0,55.0,70.0,45.0,45.0,60.0,60.0
sub-010122,post-ses-02-run-02-acq-AP,65.0,55.0,60.0,65.0,60.0,80.0,60.0,85.0,70.0,55.0,40.0,55.0
sub-010122,post-ses-02-run-02-acq-PA,55.0,55.0,75.0,40.0,45.0,80.0,60.0,90.0,55.0,70.0,70.0,65.0
sub-010123,post-ses-02-run-01-acq-AP,65.0,55.0,55.0,45.0,35.0,65.0,60.0,45.0,55.0,40.0,45.0,65.0
sub-010123,post-ses-02-run-01-acq-PA,55.0,55.0,65.0,45.0,45.0,55.0,60.0,60.0,60.0,35.0,45.0,65.0
sub-010123,post-ses-02-run-02-acq-AP,50.0,45.0,40.0,20.0,55.0,70.0,45.0,65.0,65.0,25.0,45.0,55.0
sub-010123,post-ses-02-run-02-acq-PA,70.0,40.0,70.0,35.0,40.0,65.0,20.0,40.0,60.0,25.0,45.0,45.0
sub-010124,post-ses-02-run-01-acq-AP,45.0,5.0,65.0,60.0,40.0,85.0,60.0,95.0,85.0,45.0,60.0,20.0
sub-010124,post-ses-02-run-01-acq-PA,50.0,0.0,20.0,35.0,85.0,60.0,80.0,100.0,55.0,15.0,70.0,65.0
sub-010124,post-ses-02-run-02-acq-AP,65.0,45.0,70.0,45.0,70.0,85.0,65.0,100.0,75.0,40.0,80.0,60.0
sub-010124,post-ses-02-run-02-acq-PA,60.0,15.0,55.0,40.0,75.0,85.0,60.0,90.0,75.0,35.0,50.0,50.0
sub-010125,post-ses-02-run-01-acq-AP,10.0,80.0,30.0,50.0,80.0,50.0,5.0,75.0,85.0,85.0,95.0,95.0
sub-010125,post-ses-02-run-01-acq-PA,25.0,90.0,85.0,70.0,45.0,90.0,15.0,90.0,65.0,80.0,90.0,85.0
sub-010125,post-ses-02-run-02-acq-AP,30.0,45.0,95.0,35.0,75.0,75.0,30.0,100.0,65.0,95.0,90.0,50.0
sub-010125,post-ses-02-run-02-acq-PA,10.0,30.0,10.0,25.0,95.0,15.0,95.0,85.0,15.0,95.0,15.0,55.0
sub-010126,post-ses-02-run-01-acq-AP,85.0,15.0,75.0,30.0,40.0,90.0,75.0,100.0,35.0,60.0,70.0,25.0
sub-010126,post-ses-02-run-01-acq-PA,75.0,25.0,65.0,35.0,90.0,90.0,75.0,90.0,35.0,60.0,80.0,25.0
sub-010126,post-ses-02-run-02-acq-AP,70.0,25.0,75.0,45.0,55.0,70.0,60.0,60.0,35.0,75.0,50.0,20.0
sub-010126,post-ses-02-run-02-acq-PA,85.0,5.0,90.0,90.0,75.0,65.0,65.0,85.0,35.0,75.0,70.0,25.0
sub-010127,post-ses-02-run-01-acq-AP,70.0,20.0,80.0,75.0,45.0,90.0,75.0,70.0,90.0,15.0,85.0,75.0
sub-010127,post-ses-02-run-01-acq-PA,75.0,35.0,65.0,55.0,30.0,95.0,60.0,45.0,100.0,20.0,90.0,70.0
sub-010127,post-ses-02-run-02-acq-AP,80.0,10.0,95.0,30.0,35.0,75.0,15.0,65.0,90.0,45.0,95.0,70.0
sub-010127,post-ses-02-run-02-acq-PA,85.0,5.0,65.0,60.0,15.0,95.0,10.0,35.0,70.0,70.0,90.0,60.0
sub-010128,post-ses-02-run-01-acq-AP,50.0,50.0,85.0,60.0,80.0,85.0,100.0,40.0,100.0,50.0,100.0,95.0
sub-010128,post-ses-02-run-01-acq-PA,70.0,0.0,75.0,60.0,50.0,65.0,100.0,50.0,100.0,20.0,100.0,100.0
sub-010128,post-ses-02-run-02-acq-AP,50.0,50.0,90.0,40.0,60.0,50.0,50.0,20.0,100.0,0.0,65.0,50.0
sub-010128,post-ses-02-run-02-acq-PA,50.0,50.0,50.0,15.0,45.0,50.0,15.0,15.0,75.0,0.0,10.0,35.0
sub-010020,post-ses-02-run-01-acq-AP,90.0,50.0,50.0,50.0,100.0,55.0,90.0,50.0,90.0,50.0,20.0,50.0
sub-010020,post-ses-02-run-01-acq-PA,90.0,20.0,50.0,50.0,50.0,50.0,20.0,50.0,50.0,90.0,50.0,95.0
sub-010020,post-ses-02-run-02-acq-AP,50.0,50.0,90.0,25.0,50.0,85.0,55.0,50.0,50.0,80.0,70.0,90.0
sub-010020,post-ses-02-run-02-acq-PA,80.0,50.0,90.0,85.0,30.0,80.0,85.0,65.0,90.0,20.0,50.0,50.0
sub-010129,post-ses-02-run-01-acq-AP,35.0,5.0,55.0,35.0,15.0,30.0,50.0,40.0,10.0,35.0,25.0,40.0
sub-010129,post-ses-02-run-01-acq-PA,40.0,40.0,25.0,80.0,10.0,60.0,30.0,25.0,70.0,45.0,35.0,20.0
sub-010129,post-ses-02-run-02-acq-AP,45.0,40.0,80.0,65.0,30.0,45.0,40.0,60.0,15.0,45.0,75.0,25.0
sub-010129,post-ses-02-run-02-acq-PA,30.0,35.0,60.0,35.0,20.0,60.0,65.0,45.0,40.0,40.0,80.0,40.0
sub-010130,post-ses-02-run-01-acq-AP,10.0,95.0,70.0,15.0,65.0,35.0,100.0,40.0,40.0,100.0,5.0,100.0
sub-010130,post-ses-02-run-01-acq-PA,0.0,100.0,75.0,60.0,70.0,65.0,80.0,45.0,0.0,100.0,5.0,95.0
sub-010130,post-ses-02-run-02-acq-AP,20.0,95.0,85.0,70.0,75.0,70.0,85.0,100.0,0.0,100.0,25.0,100.0
sub-010130,post-ses-02-run-02-acq-PA,70.0,85.0,95.0,60.0,20.0,80.0,65.0,85.0,0.0,100.0,0.0,90.0
sub-010131,post-ses-02-run-01-acq-AP,45.0,60.0,20.0,55.0,40.0,30.0,55.0,85.0,85.0,15.0,45.0,10.0
sub-010131,post-ses-02-run-01-acq-PA,70.0,30.0,55.0,40.0,65.0,60.0,30.0,90.0,70.0,60.0,75.0,10.0
sub-010131,post-ses-02-run-02-acq-AP,70.0,30.0,65.0,45.0,70.0,55.0,30.0,90.0,70.0,60.0,65.0,10.0
sub-010131,post-ses-02-run-02-acq-PA,75.0,15.0,80.0,45.0,80.0,40.0,25.0,95.0,70.0,65.0,75.0,5.0
sub-010132,post-ses-02-run-01-acq-AP,100.0,30.0,90.0,65.0,70.0,95.0,15.0,90.0,100.0,15.0,100.0,50.0
sub-010132,post-ses-02-run-01-acq-PA,85.0,20.0,20.0,100.0,20.0,80.0,35.0,60.0,100.0,40.0,85.0,70.0
sub-010132,post-ses-02-run-02-acq-AP,90.0,25.0,80.0,80.0,35.0,70.0,10.0,35.0,100.0,70.0,60.0,40.0
sub-010132,post-ses-02-run-02-acq-PA,100.0,0.0,5.0,100.0,5.0,80.0,0.0,40.0,100.0,15.0,100.0,60.0
sub-010133,post-ses-02-run-01-acq-AP,20.0,50.0,15.0,50.0,65.0,70.0,85.0,100.0,50.0,20.0,100.0,60.0
sub-010133,post-ses-02-run-01-acq-PA,15.0,95.0,95.0,25.0,65.0,80.0,50.0,65.0,30.0,15.0,80.0,80.0
sub-010133,post-ses-02-run-02-acq-AP,0.0,10.0,30.0,15.0,95.0,20.0,85.0,35.0,75.0,15.0,80.0,100.0
sub-010135,post-ses-02-run-01-acq-AP,95.0,5.0,95.0,15.0,95.0,70.0,30.0,100.0,95.0,5.0,95.0,60.0
sub-010135,post-ses-02-run-01-acq-PA,95.0,10.0,5.0,95.0,90.0,5.0,15.0,100.0,95.0,20.0,95.0,85.0
sub-010135,post-ses-02-run-02-acq-AP,85.0,15.0,60.0,35.0,70.0,75.0,10.0,95.0,80.0,20.0,85.0,75.0
sub-010135,post-ses-02-run-02-acq-PA,100.0,0.0,100.0,10.0,80.0,80.0,0.0,100.0,95.0,10.0,95.0,95.0
sub-010136,post-ses-02-run-01-acq-AP,60.0,25.0,60.0,60.0,75.0,70.0,65.0,60.0,75.0,30.0,50.0,60.0
sub-010136,post-ses-02-run-01-acq-PA,55.0,35.0,45.0,60.0,70.0,70.0,80.0,65.0,65.0,25.0,65.0,60.0
sub-010136,post-ses-02-run-02-acq-AP,65.0,35.0,80.0,65.0,80.0,65.0,70.0,70.0,75.0,35.0,70.0,70.0
sub-010136,post-ses-02-run-02-acq-PA,70.0,25.0,80.0,20.0,90.0,70.0,60.0,80.0,90.0,15.0,60.0,65.0
sub-010137,post-ses-02-run-01-acq-AP,80.0,40.0,70.0,100.0,40.0,100.0,90.0,25.0,95.0,20.0,65.0,60.0
sub-010137,post-ses-02-run-01-acq-PA,70.0,55.0,80.0,70.0,40.0,85.0,60.0,35.0,80.0,15.0,80.0,40.0
sub-010137,post-ses-02-run-02-acq-AP,60.0,60.0,80.0,60.0,80.0,90.0,85.0,40.0,55.0,35.0,80.0,70.0
sub-010137,post-ses-02-run-02-acq-PA,75.0,60.0,95.0,30.0,70.0,100.0,65.0,55.0,80.0,10.0,85.0,75.0
sub-010021,post-ses-02-run-01-acq-AP,95.0,5.0,45.0,25.0,20.0,95.0,80.0,20.0,100.0,50.0,80.0,90.0
sub-010021,post-ses-02-run-01-acq-PA,65.0,10.0,75.0,75.0,15.0,90.0,75.0,20.0,100.0,30.0,85.0,100.0
sub-010021,post-ses-02-run-02-acq-AP,90.0,30.0,65.0,30.0,25.0,100.0,75.0,30.0,100.0,0.0,80.0,90.0
sub-010021,post-ses-02-run-02-acq-PA,75.0,40.0,0.0,10.0,25.0,100.0,55.0,60.0,95.0,10.0,100.0,90.0
sub-010138,post-ses-02-run-01-acq-AP,100.0,0.0,80.0,40.0,70.0,20.0,40.0,60.0,55.0,85.0,100.0,25.0
sub-010138,post-ses-02-run-01-acq-PA,75.0,20.0,80.0,35.0,30.0,30.0,5.0,60.0,80.0,60.0,95.0,60.0
sub-010138,post-ses-02-run-02-acq-AP,15.0,90.0,70.0,55.0,40.0,60.0,5.0,80.0,90.0,20.0,80.0,70.0
sub-010138,post-ses-02-run-02-acq-PA,15.0,90.0,20.0,95.0,85.0,60.0,0.0,95.0,95.0,15.0,80.0,80.0
sub-010141,post-ses-02-run-01-acq-AP,0.0,0.0,0.0,85.0,50.0,90.0,0.0,50.0,90.0,80.0,0.0,0.0
sub-010141,post-ses-02-run-01-acq-PA,50.0,0.0,85.0,55.0,0.0,95.0,0.0,50.0,95.0,70.0,20.0,5.0
sub-010141,post-ses-02-run-02-acq-AP,50.0,0.0,95.0,35.0,0.0,90.0,0.0,80.0,50.0,50.0,75.0,0.0
sub-010141,post-ses-02-run-02-acq-PA,50.0,0.0,70.0,75.0,0.0,90.0,0.0,50.0,80.0,70.0,0.0,0.0
sub-010142,post-ses-02-run-01-acq-AP,85.0,5.0,35.0,60.0,70.0,60.0,70.0,90.0,20.0,85.0,90.0,0.0
sub-010142,post-ses-02-run-01-acq-PA,90.0,0.0,70.0,60.0,70.0,60.0,80.0,95.0,20.0,85.0,70.0,0.0
sub-010142,post-ses-02-run-02-acq-AP,65.0,0.0,55.0,25.0,60.0,10.0,60.0,70.0,30.0,60.0,55.0,0.0
sub-010142,post-ses-02-run-02-acq-PA,35.0,0.0,35.0,25.0,25.0,10.0,40.0,60.0,25.0,40.0,30.0,0.0
sub-010143,post-ses-02-run-01-acq-AP,50.0,65.0,20.0,70.0,60.0,85.0,70.0,65.0,60.0,60.0,30.0,65.0
sub-010143,post-ses-02-run-01-acq-PA,60.0,40.0,40.0,55.0,40.0,35.0,40.0,55.0,65.0,65.0,55.0,40.0
sub-010143,post-ses-02-run-02-acq-AP,65.0,45.0,25.0,35.0,30.0,80.0,25.0,55.0,80.0,65.0,35.0,70.0
sub-010143,post-ses-02-run-02-acq-PA,60.0,25.0,75.0,60.0,15.0,70.0,70.0,70.0,65.0,65.0,55.0,30.0
sub-010144,post-ses-02-run-01-acq-AP,80.0,60.0,75.0,100.0,75.0,85.0,85.0,45.0,40.0,100.0,75.0,65.0
sub-010144,post-ses-02-run-01-acq-PA,85.0,65.0,80.0,100.0,60.0,100.0,40.0,20.0,80.0,80.0,50.0,60.0
sub-010144,post-ses-02-run-02-acq-AP,65.0,60.0,55.0,55.0,50.0,60.0,40.0,10.0,85.0,65.0,35.0,35.0
sub-010144,post-ses-02-run-02-acq-PA,65.0,30.0,35.0,35.0,35.0,75.0,40.0,55.0,75.0,35.0,10.0,20.0
sub-010145,post-ses-02-run-01-acq-AP,80.0,15.0,55.0,80.0,65.0,80.0,80.0,65.0,40.0,90.0,75.0,35.0
sub-010145,post-ses-02-run-01-acq-PA,75.0,35.0,65.0,85.0,85.0,75.0,80.0,15.0,80.0,95.0,70.0,30.0
sub-010145,post-ses-02-run-02-acq-AP,75.0,35.0,80.0,65.0,50.0,80.0,60.0,35.0,80.0,85.0,75.0,40.0
sub-010145,post-ses-02-run-02-acq-PA,80.0,25.0,80.0,50.0,85.0,70.0,60.0,65.0,75.0,80.0,75.0,35.0
sub-010147,post-ses-02-run-01-acq-AP,65.0,40.0,85.0,65.0,55.0,90.0,5.0,100.0,15.0,100.0,85.0,0.0
sub-010147,post-ses-02-run-01-acq-PA,100.0,0.0,10.0,95.0,10.0,95.0,5.0,95.0,70.0,85.0,100.0,5.0
sub-010147,post-ses-02-run-02-acq-AP,50.0,65.0,60.0,15.0,60.0,35.0,75.0,65.0,60.0,70.0,10.0,55.0
sub-010147,post-ses-02-run-02-acq-PA,80.0,20.0,75.0,65.0,85.0,80.0,5.0,100.0,10.0,80.0,80.0,0.0
sub-010151,post-ses-02-run-01-acq-AP,70.0,20.0,70.0,30.0,70.0,30.0,85.0,90.0,40.0,75.0,30.0,20.0
sub-010151,post-ses-02-run-01-acq-PA,75.0,30.0,35.0,50.0,30.0,65.0,25.0,95.0,70.0,65.0,80.0,80.0
sub-010151,post-ses-02-run-02-acq-AP,70.0,30.0,65.0,30.0,65.0,70.0,35.0,95.0,75.0,65.0,75.0,90.0
sub-010151,post-ses-02-run-02-acq-PA,85.0,15.0,60.0,40.0,35.0,90.0,0.0,95.0,75.0,70.0,90.0,85.0
sub-010152,post-ses-02-run-01-acq-AP,20.0,65.0,65.0,70.0,60.0,25.0,70.0,80.0,80.0,20.0,80.0,60.0
sub-010152,post-ses-02-run-01-acq-PA,85.0,10.0,20.0,45.0,20.0,60.0,20.0,90.0,70.0,25.0,45.0,20.0
sub-010152,post-ses-02-run-02-acq-AP,65.0,50.0,25.0,65.0,20.0,60.0,20.0,65.0,70.0,35.0,60.0,30.0
sub-010152,post-ses-02-run-02-acq-PA,50.0,50.0,60.0,50.0,30.0,60.0,70.0,70.0,50.0,35.0,50.0,50.0
sub-010153,post-ses-02-run-01-acq-AP,60.0,35.0,50.0,25.0,60.0,65.0,65.0,35.0,15.0,35.0,25.0,15.0
sub-010153,post-ses-02-run-01-acq-PA,75.0,30.0,65.0,20.0,60.0,60.0,60.0,40.0,60.0,15.0,30.0,15.0
sub-010153,post-ses-02-run-02-acq-AP,65.0,40.0,70.0,40.0,60.0,55.0,60.0,45.0,60.0,40.0,40.0,35.0
sub-010153,post-ses-02-run-02-acq-PA,65.0,35.0,65.0,20.0,55.0,65.0,60.0,35.0,65.0,35.0,35.0,15.0
sub-010154,post-ses-02-run-01-acq-AP,70.0,0.0,5.0,50.0,90.0,65.0,90.0,100.0,5.0,85.0,15.0,25.0
sub-010154,post-ses-02-run-01-acq-PA,40.0,65.0,70.0,15.0,55.0,65.0,60.0,100.0,60.0,40.0,10.0,75.0
sub-010154,post-ses-02-run-02-acq-AP,65.0,20.0,30.0,15.0,80.0,35.0,50.0,50.0,70.0,25.0,15.0,50.0
sub-010154,post-ses-02-run-02-acq-PA,80.0,55.0,85.0,65.0,60.0,60.0,35.0,100.0,75.0,75.0,5.0,80.0
sub-010155,post-ses-02-run-01-acq-AP,45.0,70.0,55.0,90.0,45.0,100.0,35.0,50.0,55.0,60.0,65.0,60.0
sub-010155,post-ses-02-run-01-acq-PA,55.0,65.0,65.0,90.0,55.0,75.0,55.0,35.0,45.0,45.0,45.0,60.0
sub-010155,post-ses-02-run-02-acq-AP,55.0,65.0,60.0,75.0,45.0,65.0,40.0,45.0,70.0,60.0,40.0,60.0
sub-010155,post-ses-02-run-02-acq-PA,55.0,75.0,60.0,70.0,75.0,90.0,35.0,50.0,75.0,45.0,40.0,55.0
sub-010156,post-ses-02-run-01-acq-AP,50.0,45.0,65.0,60.0,15.0,70.0,80.0,75.0,70.0,25.0,65.0,55.0
sub-010156,post-ses-02-run-01-acq-PA,65.0,60.0,70.0,35.0,30.0,80.0,75.0,75.0,85.0,25.0,60.0,50.0
sub-010156,post-ses-02-run-02-acq-AP,45.0,50.0,60.0,30.0,25.0,60.0,70.0,65.0,65.0,25.0,40.0,35.0
sub-010156,post-ses-02-run-02-acq-PA,70.0,50.0,75.0,25.0,25.0,65.0,75.0,70.0,70.0,20.0,60.0,60.0
sub-010157,post-ses-02-run-01-acq-AP,75.0,0.0,100.0,35.0,5.0,80.0,0.0,35.0,75.0,0.0,80.0,20.0
sub-010157,post-ses-02-run-01-acq-PA,80.0,5.0,100.0,15.0,5.0,100.0,0.0,15.0,90.0,20.0,85.0,25.0
sub-010157,post-ses-02-run-02-acq-AP,75.0,5.0,100.0,15.0,5.0,100.0,50.0,5.0,85.0,5.0,75.0,10.0
sub-010157,post-ses-02-run-02-acq-PA,75.0,0.0,95.0,50.0,75.0,95.0,10.0,5.0,85.0,5.0,80.0,10.0
sub-010158,post-ses-02-run-01-acq-AP,40.0,20.0,35.0,40.0,70.0,30.0,45.0,10.0,20.0,15.0,15.0,15.0
sub-010158,post-ses-02-run-01-acq-PA,95.0,15.0,80.0,20.0,25.0,85.0,5.0,80.0,85.0,20.0,85.0,20.0
sub-010158,post-ses-02-run-02-acq-AP,60.0,65.0,25.0,60.0,15.0,20.0,10.0,90.0,90.0,30.0,60.0,20.0
sub-010158,post-ses-02-run-02-acq-PA,80.0,30.0,70.0,30.0,35.0,60.0,40.0,80.0,80.0,20.0,75.0,50.0
sub-010159,post-ses-02-run-01-acq-AP,65.0,45.0,65.0,40.0,60.0,55.0,10.0,35.0,75.0,35.0,65.0,40.0
sub-010159,post-ses-02-run-01-acq-PA,60.0,30.0,65.0,55.0,65.0,80.0,55.0,75.0,60.0,35.0,65.0,35.0
sub-010159,post-ses-02-run-02-acq-AP,65.0,45.0,85.0,60.0,60.0,60.0,40.0,75.0,75.0,35.0,60.0,25.0
sub-010159,post-ses-02-run-02-acq-PA,50.0,65.0,40.0,70.0,75.0,80.0,70.0,90.0,65.0,45.0,50.0,45.0
sub-010161,post-ses-02-run-01-acq-AP,95.0,5.0,15.0,5.0,10.0,95.0,25.0,85.0,80.0,85.0,80.0,70.0
sub-010161,post-ses-02-run-01-acq-PA,95.0,5.0,75.0,5.0,20.0,90.0,35.0,75.0,85.0,85.0,70.0,25.0
sub-010161,post-ses-02-run-02-acq-AP,95.0,20.0,15.0,0.0,10.0,85.0,25.0,65.0,90.0,80.0,75.0,15.0
sub-010161,post-ses-02-run-02-acq-PA,100.0,0.0,60.0,5.0,30.0,15.0,5.0,100.0,100.0,60.0,80.0,55.0
sub-010022,post-ses-02-run-01-acq-AP,95.0,10.0,55.0,60.0,10.0,80.0,80.0,35.0,90.0,5.0,15.0,5.0
sub-010022,post-ses-02-run-01-acq-PA,85.0,20.0,55.0,55.0,25.0,85.0,60.0,20.0,80.0,0.0,10.0,10.0
sub-010022,post-ses-02-run-02-acq-AP,100.0,20.0,75.0,30.0,55.0,95.0,5.0,10.0,95.0,5.0,35.0,50.0
sub-010022,post-ses-02-run-02-acq-PA,35.0,65.0,70.0,40.0,55.0,75.0,75.0,35.0,60.0,0.0,60.0,60.0
sub-010162,post-ses-02-run-01-acq-AP,100.0,0.0,100.0,65.0,65.0,95.0,95.0,95.0,80.0,35.0,55.0,60.0
sub-010162,post-ses-02-run-01-acq-PA,65.0,40.0,70.0,40.0,65.0,50.0,65.0,80.0,60.0,65.0,20.0,25.0
sub-010162,post-ses-02-run-02-acq-AP,70.0,20.0,80.0,75.0,50.0,70.0,60.0,70.0,65.0,60.0,10.0,40.0
sub-010162,post-ses-02-run-02-acq-PA,55.0,20.0,70.0,70.0,40.0,35.0,40.0,65.0,70.0,30.0,0.0,20.0
sub-010163,post-ses-02-run-01-acq-AP,10.0,0.0,5.0,20.0,0.0,70.0,20.0,15.0,65.0,0.0,60.0,60.0
sub-010163,post-ses-02-run-01-acq-PA,5.0,0.0,45.0,5.0,5.0,60.0,10.0,5.0,60.0,0.0,55.0,35.0
sub-010163,post-ses-02-run-02-acq-AP,35.0,0.0,35.0,15.0,15.0,60.0,20.0,5.0,65.0,0.0,55.0,40.0
sub-010163,post-ses-02-run-02-acq-PA,25.0,10.0,40.0,25.0,20.0,65.0,20.0,55.0,20.0,40.0,60.0,10.0
sub-010164,post-ses-02-run-01-acq-AP,70.0,35.0,80.0,60.0,75.0,55.0,40.0,95.0,50.0,45.0,90.0,55.0
sub-010164,post-ses-02-run-01-acq-PA,85.0,20.0,90.0,60.0,75.0,75.0,60.0,80.0,55.0,50.0,85.0,65.0
sub-010164,post-ses-02-run-02-acq-AP,60.0,25.0,65.0,35.0,55.0,60.0,40.0,65.0,70.0,40.0,55.0,65.0
sub-010164,post-ses-02-run-02-acq-PA,55.0,5.0,30.0,25.0,60.0,60.0,40.0,55.0,85.0,0.0,60.0,70.0
sub-010165,post-ses-02-run-01-acq-AP,20.0,90.0,0.0,0.0,35.0,75.0,20.0,40.0,5.0,95.0,60.0,40.0
sub-010165,post-ses-02-run-01-acq-PA,25.0,55.0,50.0,10.0,35.0,90.0,20.0,25.0,35.0,70.0,65.0,30.0
sub-010165,post-ses-02-run-02-acq-AP,70.0,30.0,95.0,10.0,50.0,75.0,15.0,20.0,30.0,55.0,70.0,40.0
sub-010165,post-ses-02-run-02-acq-PA,60.0,15.0,70.0,5.0,40.0,5.0,90.0,65.0,10.0,75.0,90.0,25.0
sub-010167,post-ses-02-run-01-acq-AP,85.0,20.0,75.0,80.0,40.0,95.0,35.0,60.0,85.0,65.0,80.0,50.0
sub-010167,post-ses-02-run-01-acq-PA,75.0,40.0,95.0,30.0,60.0,90.0,40.0,75.0,90.0,65.0,50.0,55.0
sub-010167,post-ses-02-run-02-acq-AP,60.0,40.0,95.0,35.0,70.0,90.0,75.0,90.0,40.0,60.0,80.0,60.0
sub-010167,post-ses-02-run-02-acq-PA,70.0,55.0,70.0,35.0,80.0,40.0,80.0,85.0,40.0,80.0,70.0,65.0
sub-010168,post-ses-02-run-01-acq-AP,85.0,10.0,95.0,25.0,70.0,100.0,60.0,50.0,85.0,15.0,90.0,15.0
sub-010168,post-ses-02-run-01-acq-PA,65.0,35.0,70.0,75.0,65.0,85.0,35.0,55.0,95.0,35.0,95.0,10.0
sub-010168,post-ses-02-run-02-acq-AP,65.0,30.0,90.0,35.0,90.0,65.0,65.0,25.0,90.0,10.0,70.0,10.0
sub-010168,post-ses-02-run-02-acq-PA,75.0,30.0,75.0,25.0,90.0,95.0,85.0,30.0,75.0,20.0,55.0,20.0
sub-010171,post-ses-02-run-01-acq-AP,70.0,20.0,100.0,65.0,85.0,100.0,20.0,55.0,100.0,0.0,65.0,40.0
sub-010171,post-ses-02-run-01-acq-PA,85.0,20.0,90.0,20.0,65.0,100.0,0.0,40.0,100.0,5.0,35.0,60.0
sub-010171,post-ses-02-run-02-acq-AP,65.0,40.0,90.0,20.0,65.0,90.0,5.0,30.0,100.0,0.0,40.0,60.0
sub-010171,post-ses-02-run-02-acq-PA,80.0,0.0,90.0,25.0,45.0,85.0,0.0,40.0,100.0,0.0,65.0,70.0
sub-010023,post-ses-02-run-01-acq-AP,50.0,50.0,50.0,65.0,80.0,50.0,85.0,50.0,50.0,70.0,50.0,50.0
sub-010023,post-ses-02-run-01-acq-PA,50.0,50.0,50.0,50.0,50.0,35.0,70.0,50.0,50.0,50.0,50.0,50.0
sub-010023,post-ses-02-run-02-acq-AP,50.0,50.0,50.0,50.0,85.0,50.0,50.0,50.0,50.0,85.0,20.0,50.0
sub-010023,post-ses-02-run-02-acq-PA,50.0,30.0,50.0,50.0,50.0,85.0,85.0,50.0,50.0,50.0,60.0,45.0
sub-010173,post-ses-02-run-01-acq-AP,80.0,10.0,10.0,40.0,35.0,30.0,30.0,75.0,75.0,0.0,35.0,65.0
sub-010173,post-ses-02-run-01-acq-PA,90.0,5.0,50.0,10.0,30.0,40.0,20.0,95.0,65.0,90.0,25.0,55.0
sub-010173,post-ses-02-run-02-acq-AP,35.0,70.0,60.0,25.0,80.0,10.0,85.0,95.0,55.0,80.0,75.0,80.0
sub-010173,post-ses-02-run-02-acq-PA,70.0,15.0,10.0,85.0,60.0,75.0,15.0,95.0,95.0,40.0,90.0,90.0
sub-010174,post-ses-02-run-01-acq-AP,70.0,15.0,80.0,10.0,75.0,40.0,85.0,95.0,65.0,0.0,35.0,35.0
sub-010174,post-ses-02-run-01-acq-PA,65.0,5.0,60.0,10.0,65.0,65.0,40.0,60.0,20.0,45.0,60.0,5.0
sub-010174,post-ses-02-run-02-acq-AP,50.0,10.0,65.0,45.0,70.0,35.0,45.0,45.0,40.0,30.0,40.0,15.0
sub-010174,post-ses-02-run-02-acq-PA,40.0,10.0,65.0,20.0,75.0,25.0,65.0,65.0,40.0,35.0,30.0,10.0
sub-010175,post-ses-02-run-01-acq-AP,75.0,30.0,70.0,25.0,10.0,50.0,90.0,50.0,90.0,0.0,15.0,20.0
sub-010175,post-ses-02-run-01-acq-PA,60.0,10.0,50.0,50.0,15.0,50.0,10.0,50.0,65.0,35.0,35.0,30.0
sub-010175,post-ses-02-run-02-acq-AP,60.0,20.0,65.0,20.0,25.0,55.0,30.0,50.0,60.0,45.0,50.0,25.0
sub-010175,post-ses-02-run-02-acq-PA,60.0,30.0,60.0,45.0,35.0,55.0,45.0,40.0,65.0,35.0,35.0,20.0
sub-010176,post-ses-02-run-01-acq-AP,90.0,0.0,70.0,0.0,0.0,100.0,15.0,50.0,100.0,50.0,100.0,15.0
sub-010176,post-ses-02-run-01-acq-PA,80.0,0.0,70.0,25.0,0.0,100.0,0.0,50.0,100.0,90.0,100.0,0.0
sub-010176,post-ses-02-run-02-acq-AP,80.0,0.0,85.0,0.0,20.0,100.0,0.0,35.0,100.0,90.0,100.0,0.0
sub-010176,post-ses-02-run-02-acq-PA,70.0,30.0,80.0,0.0,0.0,100.0,0.0,35.0,100.0,85.0,100.0,0.0
sub-010024,post-ses-02-run-01-acq-AP,60.0,55.0,60.0,75.0,60.0,80.0,35.0,30.0,85.0,20.0,70.0,55.0
sub-010024,post-ses-02-run-01-acq-PA,70.0,40.0,80.0,40.0,40.0,80.0,30.0,35.0,80.0,25.0,40.0,55.0
sub-010024,post-ses-02-run-02-acq-AP,55.0,40.0,70.0,55.0,55.0,70.0,55.0,25.0,70.0,25.0,30.0,40.0
sub-010024,post-ses-02-run-02-acq-PA,40.0,60.0,40.0,40.0,65.0,40.0,65.0,60.0,50.0,50.0,60.0,65.0
sub-010184,post-ses-02-run-01-acq-AP,55.0,35.0,45.0,30.0,65.0,100.0,65.0,45.0,70.0,55.0,40.0,40.0
sub-010184,post-ses-02-run-01-acq-PA,55.0,65.0,60.0,50.0,60.0,75.0,35.0,85.0,90.0,75.0,40.0,55.0
sub-010184,post-ses-02-run-02-acq-AP,55.0,55.0,70.0,25.0,70.0,60.0,15.0,75.0,80.0,55.0,45.0,50.0
sub-010184,post-ses-02-run-02-acq-PA,70.0,40.0,65.0,65.0,35.0,75.0,35.0,40.0,85.0,65.0,60.0,45.0
sub-010185,post-ses-02-run-01-acq-AP,65.0,30.0,30.0,80.0,30.0,65.0,60.0,30.0,65.0,30.0,65.0,40.0
sub-010185,post-ses-02-run-01-acq-PA,70.0,35.0,30.0,70.0,40.0,70.0,25.0,75.0,45.0,60.0,70.0,65.0
sub-010185,post-ses-02-run-02-acq-AP,65.0,60.0,70.0,45.0,65.0,60.0,25.0,95.0,45.0,60.0,70.0,55.0
sub-010185,post-ses-02-run-02-acq-PA,60.0,40.0,45.0,60.0,55.0,70.0,10.0,70.0,60.0,55.0,35.0,30.0
sub-010186,post-ses-02-run-01-acq-AP,80.0,60.0,60.0,80.0,60.0,85.0,90.0,70.0,90.0,75.0,60.0,25.0
sub-010186,post-ses-02-run-01-acq-PA,40.0,60.0,60.0,75.0,70.0,95.0,75.0,70.0,85.0,35.0,80.0,15.0
sub-010186,post-ses-02-run-02-acq-AP,55.0,60.0,75.0,70.0,75.0,80.0,65.0,35.0,95.0,20.0,35.0,30.0
sub-010186,post-ses-02-run-02-acq-PA,35.0,25.0,65.0,75.0,80.0,75.0,90.0,20.0,85.0,10.0,20.0,25.0
sub-010187,post-ses-02-run-01-acq-AP,25.0,25.0,65.0,40.0,40.0,75.0,60.0,25.0,5.0,10.0,15.0,15.0
sub-010187,post-ses-02-run-01-acq-PA,60.0,30.0,55.0,30.0,25.0,75.0,45.0,25.0,20.0,15.0,30.0,20.0
sub-010187,post-ses-02-run-02-acq-AP,45.0,50.0,35.0,20.0,20.0,50.0,25.0,10.0,10.0,5.0,20.0,20.0
sub-010187,post-ses-02-run-02-acq-PA,20.0,80.0,5.0,15.0,65.0,0.0,100.0,80.0,5.0,10.0,55.0,55.0
sub-010188,post-ses-02-run-01-acq-AP,100.0,0.0,30.0,85.0,60.0,85.0,30.0,35.0,100.0,70.0,60.0,50.0
sub-010188,post-ses-02-run-01-acq-PA,100.0,5.0,65.0,75.0,85.0,65.0,70.0,70.0,100.0,80.0,65.0,60.0
sub-010188,post-ses-02-run-02-acq-AP,85.0,10.0,70.0,60.0,55.0,90.0,50.0,60.0,85.0,75.0,50.0,50.0
sub-010188,post-ses-02-run-02-acq-PA,70.0,0.0,75.0,65.0,65.0,85.0,50.0,80.0,85.0,75.0,50.0,50.0
sub-010189,post-ses-02-run-01-acq-AP,80.0,15.0,85.0,70.0,45.0,90.0,60.0,45.0,80.0,20.0,95.0,60.0
sub-010189,post-ses-02-run-01-acq-PA,90.0,5.0,85.0,25.0,70.0,90.0,20.0,45.0,85.0,60.0,85.0,35.0
sub-010189,post-ses-02-run-02-acq-AP,100.0,15.0,70.0,75.0,40.0,95.0,15.0,70.0,95.0,30.0,90.0,75.0
sub-010189,post-ses-02-run-02-acq-PA,95.0,35.0,70.0,70.0,35.0,95.0,10.0,70.0,85.0,15.0,95.0,70.0
sub-010190,post-ses-02-run-01-acq-AP,90.0,80.0,80.0,90.0,60.0,100.0,100.0,45.0,100.0,5.0,65.0,65.0
sub-010190,post-ses-02-run-01-acq-PA,85.0,65.0,95.0,85.0,70.0,95.0,95.0,40.0,100.0,10.0,90.0,70.0
sub-010190,post-ses-02-run-02-acq-AP,70.0,60.0,65.0,60.0,55.0,75.0,80.0,40.0,75.0,20.0,60.0,55.0
sub-010190,post-ses-02-run-02-acq-PA,60.0,60.0,70.0,70.0,60.0,75.0,70.0,35.0,70.0,30.0,65.0,55.0
sub-010191,post-ses-02-run-01-acq-AP,45.0,55.0,75.0,20.0,65.0,55.0,0.0,40.0,75.0,60.0,55.0,55.0
sub-010191,post-ses-02-run-01-acq-PA,60.0,30.0,60.0,55.0,40.0,40.0,0.0,45.0,70.0,45.0,55.0,40.0
sub-010191,post-ses-02-run-02-acq-AP,60.0,25.0,80.0,25.0,65.0,45.0,40.0,55.0,30.0,75.0,60.0,40.0
sub-010191,post-ses-02-run-02-acq-PA,70.0,30.0,75.0,30.0,65.0,30.0,20.0,55.0,60.0,60.0,70.0,40.0
sub-010192,post-ses-02-run-01-acq-AP,85.0,5.0,85.0,35.0,70.0,80.0,20.0,40.0,15.0,85.0,25.0,70.0
sub-010192,post-ses-02-run-01-acq-PA,85.0,5.0,65.0,10.0,30.0,85.0,40.0,60.0,10.0,85.0,20.0,85.0
sub-010192,post-ses-02-run-02-acq-AP,85.0,10.0,75.0,5.0,75.0,90.0,30.0,65.0,60.0,80.0,20.0,75.0
sub-010192,post-ses-02-run-02-acq-PA,90.0,20.0,65.0,35.0,60.0,70.0,40.0,55.0,25.0,85.0,25.0,70.0
sub-010194,post-ses-02-run-01-acq-AP,55.0,55.0,55.0,90.0,45.0,60.0,5.0,100.0,95.0,0.0,90.0,65.0
sub-010194,post-ses-02-run-01-acq-PA,65.0,55.0,65.0,95.0,60.0,70.0,60.0,100.0,100.0,0.0,80.0,60.0
sub-010194,post-ses-02-run-02-acq-AP,70.0,15.0,75.0,75.0,75.0,60.0,65.0,100.0,95.0,0.0,85.0,80.0
sub-010194,post-ses-02-run-02-acq-PA,75.0,30.0,75.0,70.0,75.0,70.0,25.0,100.0,90.0,0.0,70.0,60.0
sub-010195,post-ses-02-run-01-acq-AP,100.0,0.0,70.0,65.0,70.0,70.0,0.0,35.0,100.0,0.0,80.0,65.0
sub-010195,post-ses-02-run-01-acq-PA,95.0,0.0,100.0,0.0,70.0,90.0,10.0,40.0,100.0,0.0,90.0,0.0
sub-010195,post-ses-02-run-02-acq-AP,100.0,0.0,70.0,30.0,60.0,95.0,10.0,30.0,90.0,15.0,75.0,0.0
sub-010195,post-ses-02-run-02-acq-PA,100.0,0.0,75.0,15.0,75.0,100.0,20.0,40.0,95.0,15.0,95.0,5.0
sub-010196,post-ses-02-run-01-acq-AP,75.0,50.0,75.0,10.0,60.0,65.0,15.0,40.0,30.0,75.0,70.0,25.0
sub-010196,post-ses-02-run-01-acq-PA,70.0,20.0,75.0,5.0,70.0,60.0,0.0,35.0,30.0,85.0,75.0,55.0
sub-010196,post-ses-02-run-02-acq-AP,60.0,25.0,75.0,10.0,65.0,65.0,10.0,30.0,35.0,75.0,40.0,45.0
sub-010196,post-ses-02-run-02-acq-PA,70.0,30.0,55.0,55.0,70.0,35.0,5.0,30.0,40.0,75.0,70.0,45.0
sub-010198,post-ses-02-run-01-acq-AP,60.0,85.0,100.0,80.0,80.0,100.0,100.0,15.0,50.0,95.0,80.0,10.0
sub-010198,post-ses-02-run-01-acq-PA,80.0,50.0,80.0,25.0,70.0,80.0,15.0,35.0,0.0,100.0,80.0,0.0
sub-010198,post-ses-02-run-02-acq-AP,90.0,0.0,95.0,90.0,50.0,85.0,10.0,65.0,90.0,50.0,15.0,5.0
sub-010198,post-ses-02-run-02-acq-PA,90.0,55.0,85.0,75.0,15.0,85.0,65.0,55.0,85.0,60.0,50.0,15.0
sub-010200,post-ses-02-run-01-acq-AP,55.0,50.0,100.0,55.0,60.0,75.0,40.0,50.0,95.0,15.0,90.0,60.0
sub-010200,post-ses-02-run-01-acq-PA,55.0,50.0,80.0,85.0,60.0,75.0,70.0,90.0,80.0,10.0,60.0,50.0
sub-010200,post-ses-02-run-02-acq-AP,55.0,45.0,95.0,60.0,70.0,70.0,60.0,75.0,95.0,5.0,95.0,60.0
sub-010200,post-ses-02-run-02-acq-PA,60.0,45.0,85.0,60.0,60.0,60.0,55.0,85.0,100.0,20.0,95.0,55.0
sub-010201,post-ses-02-run-01-acq-AP,75.0,15.0,10.0,75.0,30.0,60.0,60.0,35.0,40.0,80.0,15.0,30.0
sub-010201,post-ses-02-run-01-acq-PA,70.0,0.0,35.0,75.0,10.0,75.0,25.0,15.0,90.0,30.0,35.0,30.0
sub-010201,post-ses-02-run-02-acq-AP,75.0,0.0,40.0,25.0,20.0,75.0,10.0,15.0,90.0,30.0,10.0,65.0
sub-010201,post-ses-02-run-02-acq-PA,80.0,0.0,60.0,20.0,35.0,20.0,20.0,50.0,80.0,15.0,15.0,0.0
sub-010203,post-ses-02-run-01-acq-AP,75.0,10.0,60.0,60.0,75.0,60.0,70.0,35.0,95.0,10.0,60.0,70.0
sub-010203,post-ses-02-run-01-acq-PA,65.0,15.0,60.0,50.0,70.0,60.0,45.0,45.0,95.0,15.0,65.0,75.0
sub-010203,post-ses-02-run-02-acq-AP,65.0,25.0,70.0,60.0,70.0,75.0,35.0,35.0,90.0,20.0,70.0,70.0
sub-010203,post-ses-02-run-02-acq-PA,75.0,15.0,35.0,75.0,45.0,65.0,40.0,65.0,75.0,30.0,80.0,55.0
sub-010204,post-ses-02-run-01-acq-AP,35.0,30.0,75.0,100.0,85.0,30.0,60.0,35.0,50.0,15.0,70.0,25.0
sub-010204,post-ses-02-run-01-acq-PA,50.0,30.0,80.0,65.0,60.0,40.0,35.0,25.0,60.0,40.0,50.0,20.0
sub-010204,post-ses-02-run-02-acq-AP,65.0,0.0,70.0,75.0,60.0,60.0,50.0,50.0,60.0,0.0,65.0,35.0
sub-010204,post-ses-02-run-02-acq-PA,50.0,0.0,90.0,60.0,60.0,65.0,20.0,80.0,50.0,15.0,60.0,50.0
sub-010205,post-ses-02-run-01-acq-AP,70.0,60.0,20.0,20.0,70.0,0.0,75.0,80.0,85.0,50.0,50.0,80.0
sub-010205,post-ses-02-run-01-acq-PA,90.0,50.0,75.0,5.0,70.0,5.0,15.0,70.0,80.0,95.0,85.0,85.0
sub-010205,post-ses-02-run-02-acq-AP,25.0,80.0,0.0,0.0,80.0,80.0,75.0,80.0,75.0,50.0,85.0,80.0
sub-010205,post-ses-02-run-02-acq-PA,10.0,65.0,85.0,0.0,75.0,70.0,85.0,90.0,100.0,50.0,100.0,100.0
sub-010206,post-ses-02-run-01-acq-AP,70.0,15.0,15.0,90.0,20.0,85.0,15.0,25.0,100.0,5.0,5.0,15.0
sub-010206,post-ses-02-run-01-acq-PA,75.0,25.0,20.0,80.0,20.0,85.0,15.0,20.0,100.0,5.0,5.0,20.0
sub-010206,post-ses-02-run-02-acq-AP,45.0,30.0,75.0,50.0,30.0,50.0,15.0,25.0,85.0,5.0,15.0,50.0
sub-010206,post-ses-02-run-02-acq-PA,60.0,30.0,65.0,65.0,20.0,75.0,20.0,25.0,75.0,20.0,15.0,55.0
sub-010208,post-ses-02-run-01-acq-AP,80.0,0.0,75.0,25.0,25.0,100.0,25.0,90.0,100.0,0.0,50.0,10.0
sub-010208,post-ses-02-run-01-acq-PA,80.0,10.0,60.0,70.0,65.0,90.0,30.0,95.0,100.0,10.0,55.0,20.0
sub-010208,post-ses-02-run-02-acq-AP,55.0,15.0,70.0,70.0,70.0,90.0,85.0,90.0,90.0,15.0,90.0,20.0
sub-010208,post-ses-02-run-02-acq-PA,60.0,0.0,0.0,75.0,75.0,100.0,85.0,50.0,100.0,0.0,60.0,30.0
sub-010209,post-ses-02-run-01-acq-AP,65.0,15.0,30.0,80.0,60.0,55.0,70.0,100.0,55.0,75.0,85.0,40.0
sub-010209,post-ses-02-run-01-acq-PA,75.0,30.0,55.0,45.0,45.0,75.0,35.0,100.0,45.0,65.0,95.0,35.0
sub-010209,post-ses-02-run-02-acq-AP,55.0,40.0,25.0,40.0,45.0,55.0,60.0,90.0,35.0,75.0,60.0,30.0
sub-010209,post-ses-02-run-02-acq-PA,60.0,30.0,70.0,20.0,30.0,35.0,40.0,100.0,55.0,75.0,90.0,65.0
sub-010210,post-ses-02-run-01-acq-AP,10.0,80.0,35.0,70.0,35.0,75.0,30.0,10.0,30.0,35.0,70.0,70.0
sub-010210,post-ses-02-run-01-acq-PA,35.0,30.0,25.0,75.0,15.0,75.0,70.0,15.0,60.0,60.0,35.0,40.0
sub-010210,post-ses-02-run-02-acq-AP,20.0,65.0,60.0,70.0,70.0,80.0,65.0,45.0,65.0,85.0,70.0,35.0
sub-010210,post-ses-02-run-02-acq-PA,30.0,60.0,90.0,35.0,30.0,75.0,35.0,65.0,40.0,70.0,75.0,70.0
sub-010211,post-ses-02-run-01-acq-AP,85.0,25.0,10.0,70.0,10.0,80.0,90.0,5.0,15.0,90.0,20.0,10.0
sub-010211,post-ses-02-run-01-acq-PA,65.0,80.0,35.0,80.0,50.0,90.0,85.0,5.0,30.0,75.0,15.0,25.0
sub-010211,post-ses-02-run-02-acq-AP,70.0,75.0,15.0,10.0,15.0,25.0,90.0,5.0,20.0,80.0,15.0,15.0
sub-010211,post-ses-02-run-02-acq-PA,30.0,25.0,20.0,90.0,20.0,30.0,80.0,10.0,20.0,80.0,30.0,15.0
sub-010212,post-ses-02-run-01-acq-AP,100.0,0.0,25.0,85.0,65.0,90.0,75.0,50.0,100.0,0.0,95.0,0.0
sub-010212,post-ses-02-run-01-acq-PA,100.0,0.0,50.0,90.0,80.0,100.0,70.0,55.0,90.0,5.0,95.0,0.0
sub-010212,post-ses-02-run-02-acq-AP,95.0,0.0,75.0,95.0,60.0,95.0,75.0,50.0,95.0,0.0,95.0,0.0
sub-010212,post-ses-02-run-02-acq-PA,95.0,0.0,90.0,95.0,90.0,95.0,90.0,75.0,90.0,5.0,90.0,0.0
sub-010213,post-ses-02-run-01-acq-AP,75.0,20.0,85.0,65.0,20.0,70.0,95.0,5.0,70.0,60.0,60.0,40.0
sub-010213,post-ses-02-run-01-acq-PA,50.0,40.0,85.0,65.0,35.0,60.0,50.0,5.0,80.0,75.0,15.0,30.0
sub-010213,post-ses-02-run-02-acq-AP,60.0,80.0,85.0,60.0,70.0,85.0,65.0,25.0,75.0,75.0,50.0,40.0
sub-010213,post-ses-02-run-02-acq-PA,65.0,75.0,75.0,55.0,20.0,75.0,25.0,0.0,90.0,70.0,40.0,30.0
sub-010214,post-ses-02-run-01-acq-AP,40.0,20.0,65.0,20.0,35.0,65.0,55.0,0.0,65.0,40.0,10.0,5.0
sub-010214,post-ses-02-run-01-acq-PA,55.0,30.0,60.0,55.0,20.0,70.0,20.0,5.0,80.0,25.0,25.0,10.0
sub-010214,post-ses-02-run-02-acq-AP,35.0,15.0,75.0,20.0,35.0,80.0,5.0,0.0,80.0,25.0,5.0,40.0
sub-010214,post-ses-02-run-02-acq-PA,40.0,25.0,60.0,60.0,55.0,65.0,40.0,20.0,60.0,45.0,30.0,20.0
sub-010216,post-ses-02-run-01-acq-AP,70.0,10.0,70.0,85.0,15.0,95.0,60.0,95.0,10.0,90.0,70.0,60.0
sub-010216,post-ses-02-run-01-acq-PA,45.0,20.0,65.0,80.0,65.0,25.0,15.0,90.0,15.0,90.0,70.0,70.0
sub-010216,post-ses-02-run-02-acq-AP,85.0,5.0,85.0,35.0,15.0,80.0,15.0,90.0,40.0,70.0,35.0,25.0
sub-010216,post-ses-02-run-02-acq-PA,90.0,15.0,80.0,40.0,75.0,30.0,10.0,95.0,40.0,60.0,80.0,30.0
sub-010217,post-ses-02-run-01-acq-AP,100.0,0.0,100.0,10.0,90.0,100.0,0.0,100.0,100.0,0.0,85.0,80.0
sub-010217,post-ses-02-run-01-acq-PA,90.0,15.0,95.0,75.0,15.0,90.0,0.0,95.0,100.0,0.0,85.0,10.0
sub-010217,post-ses-02-run-02-acq-AP,80.0,20.0,20.0,100.0,25.0,70.0,25.0,100.0,80.0,90.0,15.0,25.0
sub-010217,post-ses-02-run-02-acq-PA,95.0,15.0,10.0,90.0,80.0,100.0,0.0,100.0,95.0,10.0,90.0,20.0
sub-010218,post-ses-02-run-01-acq-AP,65.0,35.0,70.0,30.0,50.0,70.0,65.0,60.0,15.0,50.0,75.0,50.0
sub-010218,post-ses-02-run-01-acq-PA,60.0,45.0,35.0,40.0,40.0,60.0,70.0,65.0,60.0,50.0,65.0,40.0
sub-010218,post-ses-02-run-02-acq-AP,60.0,35.0,65.0,70.0,65.0,45.0,30.0,65.0,60.0,60.0,65.0,35.0
sub-010218,post-ses-02-run-02-acq-PA,60.0,35.0,55.0,35.0,55.0,55.0,35.0,45.0,40.0,35.0,35.0,35.0
sub-010220,post-ses-02-run-01-acq-AP,65.0,40.0,40.0,100.0,25.0,100.0,70.0,40.0,60.0,80.0,90.0,40.0
sub-010220,post-ses-02-run-01-acq-PA,30.0,30.0,45.0,25.0,35.0,65.0,40.0,40.0,70.0,55.0,20.0,65.0
sub-010220,post-ses-02-run-02-acq-AP,60.0,15.0,40.0,55.0,35.0,35.0,40.0,40.0,65.0,35.0,15.0,40.0
sub-010220,post-ses-02-run-02-acq-PA,100.0,0.0,100.0,35.0,30.0,65.0,15.0,60.0,90.0,35.0,85.0,30.0
sub-010221,post-ses-02-run-01-acq-AP,10.0,85.0,75.0,15.0,100.0,75.0,100.0,0.0,15.0,100.0,100.0,100.0
sub-010221,post-ses-02-run-01-acq-PA,20.0,80.0,95.0,80.0,85.0,100.0,90.0,0.0,100.0,20.0,20.0,80.0
sub-010221,post-ses-02-run-02-acq-AP,0.0,65.0,65.0,25.0,85.0,65.0,100.0,0.0,75.0,30.0,0.0,100.0
sub-010221,post-ses-02-run-02-acq-PA,30.0,40.0,80.0,35.0,50.0,75.0,75.0,0.0,25.0,50.0,0.0,30.0
sub-010224,post-ses-02-run-01-acq-AP,75.0,10.0,80.0,10.0,40.0,85.0,40.0,70.0,95.0,25.0,70.0,5.0
sub-010224,post-ses-02-run-01-acq-PA,80.0,25.0,85.0,50.0,30.0,75.0,65.0,80.0,80.0,30.0,70.0,70.0
sub-010224,post-ses-02-run-02-acq-AP,45.0,60.0,60.0,70.0,55.0,50.0,80.0,90.0,65.0,20.0,20.0,75.0
sub-010224,post-ses-02-run-02-acq-PA,60.0,60.0,75.0,40.0,60.0,75.0,60.0,85.0,70.0,25.0,35.0,50.0
sub-010005,post-ses-02-run-01-acq-AP,65.0,0.0,85.0,75.0,70.0,95.0,15.0,60.0,65.0,20.0,85.0,85.0
sub-010005,post-ses-02-run-01-acq-PA,85.0,0.0,60.0,70.0,85.0,10.0,5.0,80.0,20.0,85.0,80.0,75.0
sub-010005,post-ses-02-run-02-acq-AP,40.0,10.0,65.0,35.0,30.0,20.0,70.0,80.0,20.0,20.0,30.0,60.0
sub-010005,post-ses-02-run-02-acq-PA,85.0,0.0,65.0,45.0,65.0,35.0,5.0,100.0,65.0,10.0,65.0,65.0
sub-010225,post-ses-02-run-01-acq-AP,25.0,25.0,70.0,85.0,15.0,30.0,20.0,20.0,25.0,10.0,75.0,20.0
sub-010225,post-ses-02-run-01-acq-PA,75.0,15.0,75.0,75.0,20.0,70.0,5.0,30.0,75.0,20.0,75.0,20.0
sub-010225,post-ses-02-run-02-acq-AP,30.0,35.0,75.0,80.0,20.0,70.0,10.0,25.0,75.0,5.0,40.0,10.0
sub-010225,post-ses-02-run-02-acq-PA,75.0,55.0,70.0,20.0,35.0,25.0,75.0,20.0,75.0,20.0,30.0,15.0
sub-010226,post-ses-02-run-01-acq-AP,85.0,30.0,80.0,85.0,60.0,90.0,35.0,40.0,85.0,35.0,80.0,65.0
sub-010226,post-ses-02-run-01-acq-PA,75.0,30.0,85.0,70.0,40.0,90.0,40.0,65.0,80.0,70.0,70.0,75.0
sub-010226,post-ses-02-run-02-acq-AP,80.0,65.0,80.0,75.0,60.0,85.0,35.0,75.0,90.0,75.0,80.0,90.0
sub-010226,post-ses-02-run-02-acq-PA,80.0,35.0,75.0,85.0,55.0,90.0,30.0,90.0,80.0,65.0,75.0,80.0
sub-010227,post-ses-02-run-01-acq-AP,50.0,20.0,95.0,0.0,55.0,75.0,55.0,40.0,60.0,15.0,65.0,60.0
sub-010227,post-ses-02-run-01-acq-PA,50.0,30.0,85.0,40.0,70.0,75.0,45.0,30.0,90.0,20.0,70.0,40.0
sub-010227,post-ses-02-run-02-acq-AP,40.0,15.0,90.0,40.0,25.0,90.0,25.0,40.0,85.0,70.0,25.0,60.0
sub-010227,post-ses-02-run-02-acq-PA,70.0,35.0,90.0,70.0,35.0,85.0,50.0,40.0,90.0,85.0,45.0,30.0
sub-010228,post-ses-02-run-01-acq-AP,55.0,35.0,40.0,30.0,35.0,50.0,20.0,70.0,35.0,45.0,40.0,45.0
sub-010228,post-ses-02-run-01-acq-PA,55.0,45.0,65.0,20.0,30.0,35.0,60.0,75.0,55.0,45.0,55.0,45.0
sub-010228,post-ses-02-run-02-acq-AP,60.0,20.0,60.0,30.0,65.0,65.0,35.0,65.0,60.0,45.0,45.0,35.0
sub-010228,post-ses-02-run-02-acq-PA,70.0,20.0,65.0,65.0,50.0,75.0,20.0,70.0,25.0,70.0,55.0,35.0
sub-010229,post-ses-02-run-01-acq-AP,85.0,0.0,10.0,30.0,10.0,15.0,10.0,70.0,15.0,100.0,90.0,30.0
sub-010229,post-ses-02-run-01-acq-PA,65.0,0.0,10.0,35.0,15.0,15.0,15.0,45.0,50.0,95.0,65.0,45.0
sub-010229,post-ses-02-run-02-acq-AP,60.0,10.0,0.0,35.0,50.0,65.0,15.0,60.0,70.0,85.0,80.0,55.0
sub-010229,post-ses-02-run-02-acq-PA,70.0,0.0,20.0,25.0,30.0,65.0,30.0,70.0,55.0,85.0,65.0,65.0
sub-010230,post-ses-02-run-01-acq-AP,75.0,15.0,75.0,75.0,60.0,70.0,35.0,50.0,80.0,65.0,80.0,35.0
sub-010230,post-ses-02-run-01-acq-PA,80.0,30.0,80.0,70.0,45.0,85.0,10.0,65.0,35.0,90.0,65.0,20.0
sub-010230,post-ses-02-run-02-acq-AP,50.0,20.0,60.0,20.0,45.0,35.0,65.0,50.0,45.0,90.0,75.0,10.0
sub-010230,post-ses-02-run-02-acq-PA,40.0,70.0,65.0,80.0,80.0,10.0,80.0,40.0,30.0,80.0,25.0,25.0
sub-010231,post-ses-02-run-01-acq-AP,60.0,35.0,60.0,30.0,40.0,70.0,25.0,30.0,70.0,70.0,20.0,15.0
sub-010231,post-ses-02-run-01-acq-PA,50.0,10.0,65.0,25.0,40.0,70.0,25.0,20.0,70.0,65.0,30.0,25.0
sub-010231,post-ses-02-run-02-acq-AP,30.0,60.0,65.0,40.0,35.0,70.0,25.0,35.0,75.0,70.0,25.0,55.0
sub-010231,post-ses-02-run-02-acq-PA,65.0,10.0,75.0,30.0,60.0,75.0,20.0,25.0,70.0,65.0,45.0,20.0
sub-010232,post-ses-02-run-01-acq-AP,70.0,50.0,50.0,35.0,85.0,50.0,70.0,5.0,70.0,65.0,50.0,35.0
sub-010232,post-ses-02-run-01-acq-PA,50.0,50.0,35.0,40.0,60.0,70.0,60.0,5.0,90.0,40.0,50.0,35.0
sub-010232,post-ses-02-run-02-acq-AP,65.0,40.0,45.0,70.0,50.0,65.0,0.0,30.0,90.0,35.0,50.0,45.0
sub-010232,post-ses-02-run-02-acq-PA,50.0,50.0,50.0,25.0,100.0,100.0,30.0,100.0,65.0,50.0,70.0,30.0
sub-010233,post-ses-02-run-01-acq-AP,60.0,50.0,55.0,55.0,50.0,60.0,40.0,70.0,65.0,50.0,40.0,35.0
sub-010233,post-ses-02-run-01-acq-PA,60.0,40.0,60.0,55.0,45.0,55.0,25.0,80.0,70.0,35.0,55.0,35.0
sub-010233,post-ses-02-run-02-acq-AP,60.0,35.0,55.0,45.0,35.0,40.0,20.0,70.0,70.0,30.0,40.0,35.0
sub-010233,post-ses-02-run-02-acq-PA,70.0,35.0,60.0,60.0,30.0,40.0,20.0,75.0,60.0,35.0,40.0,30.0
sub-010027,post-ses-02-run-01-acq-AP,30.0,70.0,45.0,30.0,75.0,60.0,60.0,15.0,35.0,80.0,55.0,70.0
sub-010027,post-ses-02-run-01-acq-PA,55.0,40.0,35.0,60.0,60.0,35.0,35.0,20.0,45.0,60.0,60.0,45.0
sub-010027,post-ses-02-run-02-acq-AP,50.0,20.0,15.0,55.0,20.0,10.0,10.0,25.0,20.0,80.0,70.0,35.0
sub-010027,post-ses-02-run-02-acq-PA,25.0,65.0,65.0,65.0,55.0,65.0,35.0,40.0,65.0,40.0,60.0,60.0
sub-010029,post-ses-02-run-01-acq-AP,60.0,30.0,60.0,60.0,55.0,85.0,50.0,60.0,90.0,75.0,60.0,35.0
sub-010029,post-ses-02-run-01-acq-PA,25.0,65.0,50.0,0.0,80.0,50.0,90.0,75.0,20.0,95.0,70.0,70.0
sub-010029,post-ses-02-run-02-acq-AP,20.0,80.0,65.0,5.0,85.0,30.0,100.0,100.0,5.0,100.0,90.0,100.0
sub-010030,post-ses-02-run-01-acq-AP,75.0,40.0,55.0,60.0,45.0,80.0,75.0,45.0,95.0,40.0,50.0,65.0
sub-010030,post-ses-02-run-01-acq-PA,60.0,40.0,75.0,0.0,65.0,30.0,60.0,35.0,100.0,20.0,25.0,80.0
sub-010030,post-ses-02-run-02-acq-AP,50.0,40.0,60.0,55.0,30.0,25.0,20.0,65.0,80.0,20.0,35.0,70.0
sub-010030,post-ses-02-run-02-acq-PA,40.0,40.0,45.0,55.0,30.0,35.0,40.0,55.0,60.0,55.0,30.0,55.0
sub-010031,post-ses-02-run-01-acq-AP,65.0,30.0,65.0,25.0,35.0,85.0,20.0,40.0,80.0,55.0,55.0,60.0
sub-010031,post-ses-02-run-01-acq-PA,55.0,45.0,35.0,30.0,45.0,60.0,65.0,45.0,55.0,60.0,35.0,55.0
sub-010031,post-ses-02-run-02-acq-AP,60.0,35.0,45.0,40.0,40.0,65.0,40.0,40.0,65.0,60.0,40.0,55.0
sub-010031,post-ses-02-run-02-acq-PA,60.0,45.0,55.0,40.0,40.0,70.0,45.0,40.0,75.0,65.0,40.0,60.0
sub-010033,post-ses-02-run-01-acq-AP,85.0,25.0,65.0,65.0,45.0,100.0,45.0,5.0,95.0,50.0,65.0,65.0
sub-010033,post-ses-02-run-01-acq-PA,60.0,50.0,75.0,25.0,35.0,85.0,55.0,25.0,80.0,80.0,85.0,60.0
sub-010033,post-ses-02-run-02-acq-AP,65.0,30.0,85.0,45.0,35.0,95.0,55.0,50.0,75.0,65.0,90.0,60.0
sub-010033,post-ses-02-run-02-acq-PA,75.0,35.0,95.0,30.0,45.0,90.0,60.0,65.0,85.0,70.0,95.0,45.0
sub-010006,post-ses-02-run-01-acq-AP,45.0,45.0,80.0,70.0,15.0,60.0,65.0,35.0,0.0,70.0,60.0,25.0
sub-010006,post-ses-02-run-01-acq-PA,50.0,55.0,35.0,60.0,55.0,60.0,65.0,15.0,15.0,70.0,30.0,30.0
sub-010006,post-ses-02-run-02-acq-AP,50.0,70.0,35.0,30.0,50.0,30.0,75.0,40.0,15.0,60.0,70.0,70.0
sub-010006,post-ses-02-run-02-acq-PA,55.0,55.0,50.0,70.0,65.0,60.0,50.0,35.0,20.0,70.0,50.0,30.0
sub-010034,post-ses-02-run-01-acq-AP,85.0,0.0,75.0,35.0,25.0,100.0,10.0,45.0,85.0,10.0,70.0,65.0
sub-010034,post-ses-02-run-01-acq-PA,80.0,10.0,65.0,50.0,50.0,80.0,25.0,55.0,85.0,25.0,75.0,45.0
sub-010034,post-ses-02-run-02-acq-AP,55.0,30.0,65.0,60.0,60.0,60.0,60.0,35.0,85.0,35.0,70.0,55.0
sub-010034,post-ses-02-run-02-acq-PA,55.0,15.0,65.0,60.0,65.0,60.0,60.0,25.0,75.0,40.0,50.0,55.0
sub-010035,post-ses-02-run-01-acq-AP,90.0,10.0,60.0,40.0,35.0,65.0,70.0,100.0,85.0,50.0,85.0,20.0
sub-010035,post-ses-02-run-01-acq-PA,70.0,10.0,60.0,75.0,45.0,70.0,35.0,100.0,85.0,50.0,70.0,45.0
sub-010035,post-ses-02-run-02-acq-AP,25.0,0.0,65.0,75.0,20.0,65.0,10.0,100.0,75.0,75.0,55.0,5.0
sub-010035,post-ses-02-run-02-acq-PA,15.0,5.0,30.0,35.0,20.0,50.0,30.0,100.0,50.0,45.0,10.0,10.0
sub-010037,post-ses-02-run-01-acq-AP,85.0,30.0,40.0,70.0,65.0,80.0,40.0,95.0,65.0,45.0,70.0,65.0
sub-010037,post-ses-02-run-01-acq-PA,85.0,15.0,50.0,70.0,55.0,65.0,40.0,85.0,40.0,60.0,70.0,50.0
sub-010037,post-ses-02-run-02-acq-AP,85.0,0.0,50.0,40.0,55.0,35.0,40.0,100.0,40.0,40.0,65.0,55.0
sub-010037,post-ses-02-run-02-acq-PA,100.0,100.0,50.0,60.0,40.0,65.0,75.0,100.0,55.0,80.0,75.0,50.0
sub-010038,post-ses-02-run-01-acq-AP,80.0,20.0,15.0,75.0,75.0,95.0,50.0,100.0,90.0,35.0,55.0,50.0
sub-010038,post-ses-02-run-01-acq-PA,90.0,10.0,0.0,95.0,60.0,100.0,10.0,100.0,55.0,50.0,90.0,90.0
sub-010038,post-ses-02-run-02-acq-AP,50.0,20.0,15.0,75.0,35.0,50.0,40.0,50.0,80.0,50.0,75.0,35.0
sub-010038,post-ses-02-run-02-acq-PA,0.0,0.0,0.0,0.0,70.0,5.0,50.0,100.0,10.0,90.0,85.0,50.0
sub-010007,post-ses-02-run-01-acq-AP,70.0,30.0,60.0,90.0,35.0,85.0,35.0,95.0,30.0,35.0,20.0,25.0
sub-010007,post-ses-02-run-01-acq-PA,70.0,20.0,90.0,35.0,50.0,95.0,40.0,100.0,50.0,20.0,15.0,10.0
sub-010007,post-ses-02-run-02-acq-AP,40.0,35.0,25.0,25.0,25.0,35.0,45.0,65.0,30.0,30.0,30.0,35.0
sub-010007,post-ses-02-run-02-acq-PA,20.0,30.0,25.0,30.0,30.0,50.0,85.0,85.0,40.0,30.0,35.0,20.0
sub-010040,post-ses-02-run-01-acq-AP,55.0,10.0,85.0,0.0,0.0,0.0,15.0,45.0,70.0,100.0,85.0,25.0
sub-010040,post-ses-02-run-01-acq-PA,60.0,5.0,60.0,0.0,10.0,10.0,15.0,40.0,65.0,95.0,70.0,25.0
sub-010040,post-ses-02-run-02-acq-AP,50.0,0.0,70.0,5.0,0.0,15.0,5.0,30.0,75.0,65.0,30.0,5.0
sub-010040,post-ses-02-run-02-acq-PA,0.0,90.0,10.0,0.0,50.0,5.0,100.0,75.0,5.0,20.0,100.0,100.0
sub-010041,post-ses-02-run-01-acq-AP,15.0,0.0,25.0,50.0,85.0,75.0,50.0,95.0,75.0,80.0,45.0,70.0
sub-010041,post-ses-02-run-01-acq-PA,90.0,50.0,50.0,80.0,0.0,50.0,85.0,100.0,50.0,5.0,70.0,0.0
sub-010041,post-ses-02-run-02-acq-AP,90.0,5.0,70.0,50.0,50.0,90.0,85.0,100.0,85.0,50.0,50.0,50.0
sub-010041,post-ses-02-run-02-acq-PA,50.0,0.0,50.0,50.0,50.0,65.0,100.0,100.0,85.0,0.0,50.0,50.0
sub-010042,post-ses-02-run-01-acq-AP,55.0,40.0,50.0,70.0,55.0,90.0,40.0,15.0,70.0,40.0,25.0,60.0
sub-010042,post-ses-02-run-01-acq-PA,55.0,45.0,80.0,60.0,60.0,65.0,60.0,20.0,90.0,45.0,40.0,70.0
sub-010042,post-ses-02-run-02-acq-AP,90.0,25.0,90.0,65.0,80.0,95.0,55.0,20.0,80.0,60.0,55.0,75.0
sub-010042,post-ses-02-run-02-acq-PA,55.0,65.0,90.0,70.0,75.0,90.0,90.0,45.0,65.0,85.0,75.0,65.0
sub-010044,post-ses-02-run-01-acq-AP,60.0,45.0,60.0,55.0,50.0,60.0,50.0,65.0,55.0,45.0,40.0,45.0
sub-010044,post-ses-02-run-01-acq-PA,55.0,45.0,55.0,55.0,55.0,55.0,45.0,50.0,55.0,40.0,50.0,55.0
sub-010044,post-ses-02-run-02-acq-AP,55.0,45.0,55.0,50.0,55.0,60.0,55.0,60.0,55.0,45.0,55.0,50.0
sub-010044,post-ses-02-run-02-acq-PA,55.0,50.0,60.0,55.0,55.0,60.0,50.0,55.0,50.0,45.0,55.0,55.0
sub-010045,post-ses-02-run-01-acq-AP,95.0,0.0,40.0,50.0,50.0,50.0,65.0,100.0,80.0,50.0,95.0,65.0
sub-010045,post-ses-02-run-01-acq-PA,95.0,5.0,35.0,85.0,75.0,100.0,30.0,100.0,85.0,100.0,80.0,10.0
sub-010045,post-ses-02-run-02-acq-AP,50.0,10.0,50.0,50.0,80.0,95.0,80.0,95.0,75.0,90.0,95.0,95.0
sub-010045,post-ses-02-run-02-acq-PA,20.0,30.0,30.0,25.0,85.0,95.0,25.0,95.0,90.0,90.0,90.0,90.0
sub-010046,post-ses-02-run-01-acq-AP,50.0,0.0,0.0,15.0,0.0,15.0,75.0,80.0,50.0,15.0,50.0,0.0
sub-010046,post-ses-02-run-01-acq-PA,50.0,10.0,0.0,0.0,20.0,80.0,85.0,100.0,0.0,90.0,75.0,0.0
sub-010046,post-ses-02-run-02-acq-AP,50.0,0.0,0.0,0.0,15.0,0.0,90.0,100.0,0.0,50.0,50.0,0.0
sub-010046,post-ses-02-run-02-acq-PA,50.0,0.0,0.0,0.0,50.0,0.0,50.0,90.0,50.0,95.0,50.0,0.0
sub-010048,post-ses-02-run-01-acq-AP,100.0,50.0,100.0,100.0,100.0,50.0,100.0,100.0,100.0,50.0,50.0,50.0
sub-010048,post-ses-02-run-01-acq-PA,100.0,50.0,100.0,50.0,100.0,100.0,85.0,50.0,50.0,100.0,70.0,50.0
sub-010048,post-ses-02-run-02-acq-AP,50.0,0.0,50.0,100.0,50.0,90.0,100.0,95.0,50.0,50.0,50.0,100.0
sub-010048,post-ses-02-run-02-acq-PA,50.0,50.0,50.0,50.0,100.0,100.0,100.0,100.0,100.0,50.0,50.0,100.0
sub-010049,post-ses-02-run-01-acq-AP,65.0,30.0,50.0,50.0,35.0,65.0,65.0,65.0,30.0,30.0,80.0,20.0
sub-010049,post-ses-02-run-01-acq-PA,65.0,30.0,70.0,25.0,35.0,70.0,75.0,65.0,40.0,35.0,45.0,35.0
sub-010049,post-ses-02-run-02-acq-AP,55.0,45.0,55.0,55.0,45.0,55.0,75.0,55.0,45.0,45.0,55.0,45.0
sub-010049,post-ses-02-run-02-acq-PA,55.0,45.0,55.0,55.0,55.0,55.0,55.0,55.0,55.0,45.0,55.0,55.0
sub-010050,post-ses-02-run-01-acq-AP,80.0,5.0,5.0,85.0,5.0,95.0,5.0,100.0,30.0,90.0,65.0,50.0
sub-010050,post-ses-02-run-01-acq-PA,95.0,5.0,95.0,0.0,30.0,95.0,0.0,100.0,5.0,90.0,95.0,75.0
sub-010050,post-ses-02-run-02-acq-AP,95.0,0.0,100.0,5.0,85.0,75.0,20.0,100.0,5.0,95.0,90.0,60.0
sub-010050,post-ses-02-run-02-acq-PA,95.0,20.0,95.0,25.0,60.0,90.0,20.0,50.0,5.0,100.0,90.0,50.0
sub-010051,post-ses-02-run-01-acq-AP,50.0,50.0,60.0,50.0,50.0,55.0,55.0,50.0,35.0,50.0,50.0,35.0
sub-010051,post-ses-02-run-01-acq-PA,65.0,25.0,70.0,30.0,50.0,60.0,50.0,80.0,50.0,30.0,70.0,40.0
sub-010051,post-ses-02-run-02-acq-AP,70.0,25.0,75.0,35.0,65.0,65.0,30.0,50.0,70.0,40.0,70.0,50.0
sub-010051,post-ses-02-run-02-acq-PA,65.0,50.0,60.0,25.0,40.0,70.0,50.0,75.0,50.0,60.0,50.0,35.0
sub-010052,post-ses-02-run-01-acq-AP,85.0,0.0,50.0,0.0,40.0,80.0,0.0,65.0,100.0,0.0,100.0,70.0
sub-010052,post-ses-02-run-01-acq-PA,75.0,20.0,50.0,30.0,75.0,95.0,0.0,65.0,100.0,0.0,80.0,75.0
sub-010052,post-ses-02-run-02-acq-AP,40.0,50.0,70.0,0.0,30.0,50.0,50.0,65.0,55.0,0.0,70.0,60.0
sub-010052,post-ses-02-run-02-acq-PA,55.0,30.0,40.0,20.0,20.0,90.0,0.0,80.0,95.0,0.0,75.0,60.0
sub-010009,post-ses-02-run-01-acq-AP,75.0,5.0,60.0,10.0,65.0,30.0,80.0,55.0,65.0,65.0,65.0,25.0
sub-010009,post-ses-02-run-01-acq-PA,80.0,5.0,55.0,55.0,35.0,70.0,60.0,40.0,65.0,65.0,60.0,20.0
sub-010009,post-ses-02-run-02-acq-AP,55.0,40.0,40.0,45.0,45.0,70.0,45.0,35.0,75.0,40.0,20.0,35.0
sub-010009,post-ses-02-run-02-acq-PA,60.0,35.0,20.0,40.0,40.0,35.0,55.0,30.0,55.0,60.0,10.0,10.0
sub-010055,post-ses-02-run-01-acq-AP,65.0,15.0,80.0,85.0,15.0,85.0,5.0,85.0,85.0,25.0,40.0,5.0
sub-010055,post-ses-02-run-01-acq-PA,85.0,20.0,75.0,85.0,10.0,50.0,15.0,90.0,90.0,50.0,25.0,15.0
sub-010055,post-ses-02-run-02-acq-AP,90.0,5.0,90.0,95.0,95.0,95.0,5.0,95.0,90.0,5.0,10.0,5.0
sub-010055,post-ses-02-run-02-acq-PA,95.0,5.0,95.0,95.0,95.0,95.0,5.0,95.0,90.0,5.0,5.0,5.0
sub-010056,post-ses-02-run-01-acq-AP,75.0,10.0,85.0,20.0,20.0,75.0,10.0,80.0,80.0,75.0,95.0,65.0
sub-010056,post-ses-02-run-01-acq-PA,70.0,5.0,75.0,25.0,25.0,65.0,25.0,40.0,90.0,30.0,20.0,25.0
sub-010056,post-ses-02-run-02-acq-AP,45.0,60.0,80.0,25.0,55.0,60.0,35.0,80.0,65.0,30.0,75.0,50.0
sub-010056,post-ses-02-run-02-acq-PA,50.0,50.0,70.0,50.0,35.0,65.0,25.0,100.0,60.0,65.0,70.0,50.0
sub-010057,post-ses-02-run-01-acq-AP,75.0,20.0,75.0,30.0,30.0,65.0,30.0,70.0,45.0,50.0,50.0,50.0
sub-010057,post-ses-02-run-01-acq-PA,85.0,30.0,75.0,40.0,35.0,60.0,15.0,75.0,25.0,65.0,70.0,30.0
sub-010057,post-ses-02-run-02-acq-AP,70.0,30.0,60.0,35.0,30.0,60.0,30.0,65.0,30.0,60.0,65.0,25.0
sub-010057,post-ses-02-run-02-acq-PA,70.0,25.0,65.0,30.0,40.0,55.0,30.0,70.0,35.0,55.0,65.0,40.0
sub-010058,post-ses-02-run-01-acq-AP,45.0,65.0,60.0,45.0,40.0,60.0,70.0,35.0,70.0,45.0,40.0,65.0
sub-010058,post-ses-02-run-01-acq-PA,45.0,65.0,60.0,55.0,55.0,65.0,65.0,40.0,65.0,50.0,45.0,65.0
sub-010058,post-ses-02-run-02-acq-AP,45.0,60.0,55.0,40.0,65.0,60.0,70.0,40.0,65.0,55.0,40.0,60.0
sub-010058,post-ses-02-run-02-acq-PA,55.0,55.0,50.0,45.0,55.0,60.0,65.0,45.0,70.0,55.0,45.0,60.0
sub-010059,post-ses-02-run-01-acq-AP,50.0,50.0,80.0,40.0,50.0,70.0,20.0,35.0,50.0,0.0,40.0,0.0
sub-010059,post-ses-02-run-01-acq-PA,85.0,0.0,80.0,50.0,10.0,85.0,0.0,40.0,40.0,10.0,80.0,0.0
sub-010059,post-ses-02-run-02-acq-AP,50.0,0.0,70.0,70.0,35.0,80.0,50.0,50.0,20.0,0.0,90.0,0.0
sub-010059,post-ses-02-run-02-acq-PA,80.0,0.0,85.0,40.0,50.0,65.0,20.0,50.0,20.0,25.0,50.0,0.0
sub-010060,post-ses-02-run-01-acq-AP,75.0,25.0,0.0,0.0,5.0,85.0,35.0,90.0,100.0,5.0,25.0,65.0
sub-010060,post-ses-02-run-01-acq-PA,25.0,75.0,80.0,10.0,85.0,15.0,70.0,100.0,25.0,100.0,100.0,100.0
sub-010060,post-ses-02-run-02-acq-AP,75.0,25.0,25.0,70.0,80.0,10.0,95.0,100.0,20.0,90.0,35.0,85.0
sub-010060,post-ses-02-run-02-acq-PA,35.0,15.0,25.0,20.0,100.0,100.0,100.0,100.0,90.0,80.0,80.0,35.0
sub-010061,post-ses-02-run-01-acq-AP,50.0,70.0,80.0,60.0,35.0,85.0,10.0,90.0,50.0,60.0,50.0,60.0
sub-010061,post-ses-02-run-01-acq-PA,50.0,75.0,60.0,40.0,60.0,65.0,35.0,90.0,75.0,20.0,50.0,60.0
sub-010061,post-ses-02-run-02-acq-AP,70.0,55.0,50.0,90.0,50.0,85.0,15.0,70.0,85.0,50.0,75.0,40.0
sub-010061,post-ses-02-run-02-acq-PA,75.0,25.0,30.0,80.0,30.0,60.0,25.0,75.0,85.0,65.0,70.0,35.0
sub-010062,post-ses-02-run-01-acq-AP,80.0,15.0,65.0,60.0,60.0,75.0,65.0,80.0,95.0,40.0,70.0,30.0
sub-010062,post-ses-02-run-01-acq-PA,75.0,10.0,70.0,65.0,70.0,80.0,35.0,85.0,85.0,50.0,75.0,35.0
sub-010062,post-ses-02-run-02-acq-AP,70.0,35.0,40.0,65.0,60.0,70.0,70.0,35.0,75.0,55.0,65.0,40.0
sub-010062,post-ses-02-run-02-acq-PA,65.0,15.0,65.0,40.0,55.0,70.0,60.0,35.0,70.0,60.0,65.0,40.0
sub-010011,post-ses-02-run-01-acq-AP,70.0,25.0,55.0,50.0,60.0,70.0,60.0,65.0,55.0,75.0,35.0,35.0
sub-010011,post-ses-02-run-01-acq-PA,65.0,65.0,70.0,25.0,65.0,35.0,70.0,55.0,65.0,80.0,65.0,60.0
sub-010011,post-ses-02-run-02-acq-AP,65.0,35.0,60.0,70.0,65.0,65.0,70.0,55.0,35.0,75.0,35.0,35.0
sub-010011,post-ses-02-run-02-acq-PA,70.0,40.0,60.0,65.0,65.0,65.0,65.0,55.0,60.0,65.0,65.0,60.0
sub-010064,post-ses-02-run-01-acq-AP,80.0,35.0,65.0,95.0,85.0,90.0,50.0,15.0,95.0,60.0,75.0,70.0
sub-010064,post-ses-02-run-01-acq-PA,85.0,25.0,80.0,95.0,75.0,85.0,40.0,40.0,100.0,35.0,80.0,60.0
sub-010064,post-ses-02-run-02-acq-AP,80.0,40.0,85.0,70.0,80.0,80.0,40.0,40.0,100.0,35.0,65.0,60.0
sub-010064,post-ses-02-run-02-acq-PA,65.0,50.0,80.0,75.0,75.0,70.0,50.0,60.0,90.0,60.0,70.0,60.0
sub-010065,post-ses-02-run-01-acq-AP,80.0,15.0,70.0,75.0,30.0,85.0,40.0,65.0,90.0,95.0,90.0,75.0
sub-010065,post-ses-02-run-01-acq-PA,85.0,45.0,15.0,80.0,60.0,90.0,55.0,25.0,90.0,95.0,95.0,75.0
sub-010065,post-ses-02-run-02-acq-AP,75.0,20.0,75.0,35.0,60.0,65.0,25.0,30.0,90.0,95.0,70.0,50.0
sub-010065,post-ses-02-run-02-acq-PA,90.0,20.0,75.0,80.0,40.0,95.0,20.0,60.0,85.0,90.0,75.0,50.0
sub-010067,post-ses-02-run-01-acq-AP,70.0,25.0,60.0,25.0,75.0,25.0,70.0,35.0,90.0,60.0,10.0,10.0
sub-010067,post-ses-02-run-01-acq-PA,75.0,30.0,80.0,10.0,60.0,80.0,60.0,45.0,75.0,30.0,65.0,25.0
sub-010067,post-ses-02-run-02-acq-AP,65.0,25.0,70.0,25.0,30.0,75.0,60.0,55.0,80.0,15.0,70.0,30.0
sub-010067,post-ses-02-run-02-acq-PA,60.0,35.0,60.0,30.0,40.0,65.0,65.0,50.0,40.0,55.0,30.0,30.0
sub-010068,post-ses-02-run-01-acq-AP,70.0,50.0,70.0,75.0,70.0,85.0,35.0,35.0,80.0,40.0,60.0,60.0
sub-010068,post-ses-02-run-01-acq-PA,65.0,40.0,75.0,70.0,35.0,80.0,55.0,25.0,70.0,65.0,35.0,70.0
sub-010068,post-ses-02-run-02-acq-AP,70.0,35.0,60.0,25.0,70.0,60.0,65.0,25.0,40.0,70.0,60.0,50.0
sub-010068,post-ses-02-run-02-acq-PA,65.0,60.0,75.0,65.0,65.0,85.0,30.0,40.0,80.0,70.0,85.0,60.0
sub-010069,post-ses-02-run-01-acq-AP,5.0,5.0,30.0,30.0,5.0,15.0,95.0,30.0,65.0,50.0,65.0,5.0
sub-010069,post-ses-02-run-01-acq-PA,5.0,5.0,20.0,40.0,35.0,25.0,70.0,30.0,65.0,50.0,70.0,15.0
sub-010069,post-ses-02-run-02-acq-AP,5.0,5.0,35.0,35.0,25.0,10.0,55.0,25.0,55.0,45.0,70.0,20.0
sub-010069,post-ses-02-run-02-acq-PA,5.0,5.0,20.0,20.0,15.0,15.0,90.0,30.0,65.0,50.0,65.0,15.0
sub-010070,post-ses-02-run-01-acq-AP,60.0,20.0,70.0,70.0,40.0,60.0,20.0,25.0,60.0,35.0,40.0,25.0
sub-010070,post-ses-02-run-01-acq-PA,60.0,25.0,70.0,70.0,55.0,75.0,30.0,45.0,75.0,20.0,65.0,35.0
sub-010070,post-ses-02-run-02-acq-AP,70.0,30.0,70.0,70.0,30.0,70.0,30.0,50.0,25.0,70.0,35.0,25.0
sub-010070,post-ses-02-run-02-acq-PA,80.0,15.0,80.0,80.0,35.0,85.0,5.0,50.0,85.0,70.0,35.0,20.0
sub-010071,post-ses-02-run-01-acq-AP,50.0,25.0,75.0,35.0,70.0,70.0,65.0,85.0,70.0,30.0,75.0,35.0
sub-010071,post-ses-02-run-01-acq-PA,80.0,40.0,60.0,40.0,40.0,80.0,30.0,90.0,80.0,40.0,30.0,35.0
sub-010071,post-ses-02-run-02-acq-AP,75.0,35.0,70.0,35.0,70.0,80.0,80.0,90.0,80.0,40.0,85.0,55.0
sub-010071,post-ses-02-run-02-acq-PA,80.0,35.0,20.0,20.0,20.0,80.0,20.0,85.0,80.0,30.0,70.0,35.0
sub-010072,post-ses-02-run-01-acq-AP,75.0,15.0,40.0,60.0,70.0,60.0,40.0,40.0,60.0,15.0,35.0,30.0
sub-010072,post-ses-02-run-01-acq-PA,65.0,30.0,30.0,65.0,70.0,75.0,55.0,40.0,40.0,5.0,15.0,35.0
sub-010072,post-ses-02-run-02-acq-AP,65.0,20.0,60.0,50.0,60.0,55.0,45.0,55.0,60.0,25.0,45.0,35.0
sub-010072,post-ses-02-run-02-acq-PA,65.0,0.0,40.0,55.0,10.0,55.0,40.0,55.0,85.0,25.0,35.0,55.0
sub-010073,post-ses-02-run-01-acq-AP,55.0,20.0,50.0,30.0,35.0,95.0,25.0,20.0,70.0,65.0,70.0,65.0
sub-010073,post-ses-02-run-01-acq-PA,50.0,50.0,80.0,25.0,65.0,95.0,55.0,10.0,70.0,70.0,55.0,60.0
sub-010073,post-ses-02-run-02-acq-AP,80.0,10.0,90.0,95.0,80.0,100.0,15.0,90.0,90.0,70.0,85.0,80.0
sub-010073,post-ses-02-run-02-acq-PA,75.0,10.0,100.0,5.0,85.0,35.0,75.0,100.0,75.0,65.0,70.0,35.0
sub-010074,post-ses-02-run-01-acq-AP,50.0,15.0,75.0,25.0,70.0,60.0,55.0,40.0,40.0,70.0,75.0,30.0
sub-010074,post-ses-02-run-01-acq-PA,50.0,45.0,95.0,30.0,55.0,60.0,30.0,80.0,55.0,85.0,85.0,30.0
sub-010074,post-ses-02-run-02-acq-AP,50.0,0.0,90.0,20.0,60.0,65.0,30.0,50.0,60.0,90.0,85.0,45.0
sub-010075,post-ses-02-run-01-acq-AP,85.0,5.0,70.0,5.0,30.0,75.0,85.0,55.0,30.0,5.0,70.0,5.0
sub-010075,post-ses-02-run-01-acq-PA,55.0,50.0,100.0,0.0,70.0,75.0,70.0,65.0,65.0,10.0,75.0,25.0
sub-010075,post-ses-02-run-02-acq-AP,50.0,70.0,60.0,70.0,55.0,85.0,70.0,70.0,60.0,5.0,40.0,20.0
sub-010075,post-ses-02-run-02-acq-PA,70.0,0.0,100.0,10.0,85.0,75.0,60.0,75.0,85.0,0.0,75.0,30.0
sub-010076,post-ses-02-run-01-acq-AP,75.0,5.0,75.0,45.0,25.0,65.0,35.0,95.0,80.0,85.0,95.0,5.0
sub-010076,post-ses-02-run-01-acq-PA,75.0,15.0,70.0,20.0,50.0,65.0,25.0,90.0,60.0,75.0,85.0,10.0
sub-010076,post-ses-02-run-02-acq-AP,55.0,30.0,60.0,30.0,35.0,65.0,60.0,60.0,75.0,70.0,70.0,20.0
sub-010076,post-ses-02-run-02-acq-PA,40.0,35.0,35.0,35.0,35.0,35.0,65.0,60.0,65.0,60.0,80.0,40.0
sub-010077,post-ses-02-run-01-acq-AP,90.0,5.0,70.0,65.0,30.0,75.0,30.0,40.0,60.0,45.0,65.0,10.0
sub-010077,post-ses-02-run-01-acq-PA,80.0,5.0,70.0,75.0,15.0,80.0,55.0,40.0,65.0,35.0,25.0,5.0
sub-010077,post-ses-02-run-02-acq-AP,75.0,5.0,75.0,45.0,25.0,80.0,40.0,45.0,65.0,20.0,10.0,5.0
sub-010077,post-ses-02-run-02-acq-PA,50.0,55.0,55.0,80.0,55.0,75.0,20.0,55.0,85.0,25.0,55.0,60.0
sub-010078,post-ses-02-run-01-acq-AP,65.0,25.0,60.0,75.0,20.0,60.0,55.0,45.0,55.0,25.0,60.0,25.0
sub-010078,post-ses-02-run-01-acq-PA,85.0,35.0,85.0,45.0,40.0,75.0,55.0,60.0,55.0,15.0,45.0,40.0
sub-010078,post-ses-02-run-02-acq-AP,60.0,30.0,85.0,20.0,45.0,60.0,45.0,60.0,60.0,15.0,40.0,40.0
sub-010078,post-ses-02-run-02-acq-PA,55.0,40.0,40.0,55.0,35.0,60.0,40.0,60.0,60.0,15.0,60.0,40.0
